26,16,26,16,25,21,Ededar,M
26,18,22,24,23,9,Elnish,M
19,22,19,24,22,22,Onoinn,M
25,12,9,19,17,21,Aghour,M
26,16,21,24,20,9,17,18,Edrithul,M
26,19,9,19,18,Eohol,M
26,14,21,Emr,M
3,26,8,18,16,19,22,Kefldon,M
19,9,24,21,Ohir,M
26,20,22,Etn,M
26,4,9,24,22,25,21,Ejhinar,M
25,13,24,26,26,23,9,Apieesh,M
25,9,16,19,22,Ahdon,M
25,17,14,17,18,Aumul,M
25,18,9,19,18,Alhol,M
12,17,9,19,25,25,21,Guhoaar,M
26,9,19,20,17,22,Ehotun,M
8,26,8,24,25,18,Fefial,M
8,25,21,8,24,24,23,9,Farfiish,M
15,25,6,17,21,Cayur,M
25,25,8,24,17,22,Aafiun,M
26,20,25,21,Etar,M
3,25,22,19,17,14,Kanoum,M
12,24,9,24,8,24,22,Gihifin,M
26,1,18,25,21,Ezlar,M
8,17,19,17,18,Fuoul,M
25,15,17,21,22,Acurn,M
15,26,17,25,25,21,Ceuaar,M
25,18,25,26,18,17,22,Alaelun,M
25,25,14,25,25,21,Aamaar,M
25,5,21,9,19,16,17,22,Axrhodun,M
26,21,17,14,Erum,M
26,10,22,19,22,26,23,9,Evnonesh,M
25,20,17,18,Atul,M
26,18,24,22,Elin,M
25,24,8,24,26,23,9,Aifiesh,M
26,8,9,19,24,23,9,Efhoish,M
26,8,20,17,22,Eftun,M
25,10,25,21,Avar,M
26,21,24,23,9,Erish,M
26,24,22,19,26,18,16,17,22,Einoeldun,M
25,9,19,21,Ahor,M
8,17,19,26,16,24,21,Fuoedir,M
25,25,24,19,26,23,9,Aaioesh,M
24,6,8,24,16,25,21,Iyfidar,M
26,20,17,14,Etum,M
25,13,24,22,Apin,M
26,19,26,23,9,Eoesh,M
26,7,17,22,Equn,M
12,26,2,9,19,17,18,Gewhoul,M
25,25,18,Aal,M
12,17,25,21,Guar,M
25,5,24,16,24,21,Axidir,M
25,8,26,9,24,25,21,Afehiar,M
26,7,6,8,20,9,17,18,Eqyfthul,M
26,23,2,25,21,Eswar,M
26,11,16,25,21,Ebdar,M
3,25,14,16,17,22,Kamdun,M
24,21,Ir,M
25,8,25,21,Afar,M
26,4,17,6,16,24,21,Ejuydir,M
8,6,16,24,21,Fydir,M
25,9,9,24,18,Ahhil,M
25,25,8,24,21,24,25,21,Aafiriar,M
6,26,2,24,23,9,Yewish,M
25,6,17,22,Ayun,M
25,7,25,18,Aqal,M
25,21,21,17,17,22,Arruun,M
24,14,26,23,9,Imesh,M
26,18,22,19,9,24,24,22,Elnohiin,M
26,6,16,24,21,Eydir,M
8,25,22,Fan,M
8,24,20,17,22,Fitun,M
12,25,24,22,22,Gainn,M
15,6,26,25,18,Cyeal,M
26,15,21,26,18,24,22,Ecrelin,M
25,17,2,14,22,25,21,Auwmnar,M
26,4,9,19,20,9,17,18,Ejhothul,M
26,9,20,17,22,Ehtun,M
26,1,21,Ezr,M
3,6,22,Kyn,M
25,9,18,Ahl,M
26,20,17,14,Etum,M
3,26,25,21,Kear,M
26,3,25,21,Ekar,M
26,17,22,19,9,24,21,Eunohir,M
26,19,22,21,Eonr,M
26,11,24,25,18,Ebial,M
6,8,24,6,24,22,Yfiyin,M
15,6,19,9,24,20,17,22,Cyohitun,M
12,17,17,22,19,16,17,22,Guunodun,M
26,20,16,24,21,Etdir,M
3,26,21,24,16,17,22,Keridun,M
25,4,14,8,24,17,18,Ajmfiul,M
25,10,6,9,24,17,14,Avyhium,M
26,25,18,Eal,M
25,14,21,9,24,16,25,21,Amrhidar,M
12,17,24,23,9,Guish,M
15,6,8,24,25,18,Cyfial,M
26,16,2,9,24,24,23,9,Edwhiish,M
25,16,2,21,24,16,17,22,Adwridun,M
25,23,22,19,16,17,22,Asnodun,M
26,18,21,24,21,26,23,9,Elriresh,M
25,12,26,22,16,17,22,Agendun,M
26,1,8,14,22,Ezfmn,M
26,23,6,24,22,Esyin,M
26,25,25,8,17,14,Eaafum,M
26,18,22,Eln,M
8,19,21,24,17,14,Forium,M
25,9,17,20,17,22,Ahutun,M
26,24,20,17,22,Eitun,M
15,19,8,19,17,18,Cofoul,M
1,9,24,26,23,9,Zhiesh,M
25,22,22,19,17,14,Annoum,M
26,10,19,9,19,25,21,Evohoar,M
26,21,21,8,17,22,Errfun,M
25,4,24,22,Ajin,M
5,6,2,21,Xywr,M
26,21,9,19,17,22,Erhoun,M
3,26,26,18,22,19,25,21,Keelnoar,M
15,24,25,21,Ciar,M
1,16,17,22,Zdun,M
25,1,22,19,25,18,Aznoal,M
12,17,24,22,22,Guinn,M
25,6,24,21,Ayir,M
8,26,21,24,19,17,18,Ferioul,M
26,14,20,9,17,18,Emthul,M
12,24,8,22,24,22,22,Gifninn,M
15,25,16,25,21,Cadar,M
15,19,25,21,Coar,M
8,24,17,17,21,Fiuur,M
25,16,18,6,17,22,Adlyun,M
26,3,6,16,19,22,Ekydon,M
25,5,21,24,22,25,21,Axrinar,M
25,24,14,24,22,22,Aiminn,M
15,6,21,24,22,19,20,17,22,Cyrinotun,M
25,5,14,9,24,21,Axmhir,M
25,14,2,24,23,9,Amwish,M
15,17,21,Cur,M
3,25,26,18,17,17,22,Kaeluun,M
25,26,17,18,Aeul,M
25,20,8,26,20,9,17,18,Atfethul,M
26,6,9,24,9,24,16,25,21,Eyhihidar,M
12,6,2,6,17,22,Gywyun,M
12,26,22,19,22,19,25,18,Genonoal,M
25,23,22,Asn,M
3,17,9,24,25,21,Kuhiar,M
25,14,22,25,21,Amnar,M
26,18,19,22,19,21,Elonor,M
26,19,21,14,16,25,21,Eormdar,M
25,9,25,21,Ahar,M
15,17,25,24,22,Cuain,M
25,26,17,14,Aeum,M
1,22,20,9,17,18,Znthul,M
25,7,24,23,9,Aqish,M
26,8,24,23,9,Efish,M
25,23,9,19,8,24,16,24,21,Ashofidir,M
6,26,18,24,22,Yelin,M
26,18,24,20,9,17,18,Elithul,M
25,5,2,17,20,17,22,Axwutun,M
3,25,17,18,Kaul,M
25,17,17,22,Auun,M
25,25,18,26,16,19,22,Aaledon,M
26,16,21,24,22,19,22,25,21,Edrinonar,M
26,22,18,18,Enll,M
26,20,17,18,Etul,M
15,25,25,21,Caar,M
3,25,14,24,22,Kamin,M
15,6,2,19,16,17,22,Cywodun,M
25,6,21,24,25,22,Ayrian,M
26,20,2,8,17,14,Etwfum,M
24,19,21,Ior,M
25,13,17,14,Apum,M
25,15,19,21,Acor,M
26,6,17,17,22,Eyuun,M
26,3,16,24,21,Ekdir,M
8,24,9,24,24,23,9,Fihiish,M
25,1,17,14,Azum,M
15,19,16,19,22,Codon,M
12,26,16,24,21,Gedir,M
25,3,22,Akn,M
15,19,6,17,18,Coyul,M
3,19,26,18,26,18,21,Koelelr,M
26,16,9,19,6,17,21,Edhoyur,M
25,12,26,18,16,25,21,Ageldar,M
26,24,19,26,18,22,Eioeln,M
3,26,8,26,23,9,Kefesh,M
25,5,22,17,21,Axnur,M
26,16,24,22,Edin,M
25,9,21,26,25,18,Ahreal,M
8,25,16,19,22,Fadon,M
25,17,21,8,16,19,22,Aurfdon,M
26,13,17,16,19,22,Epudon,M
26,11,14,26,23,9,Ebmesh,M
25,16,16,24,21,Addir,M
25,15,18,Acl,M
8,17,19,18,17,21,Fuolur,M
25,17,26,22,19,25,18,Auenoal,M
25,17,17,24,17,14,Auuium,M
25,26,22,25,21,Aenar,M
25,7,8,17,20,9,17,18,Aqfuthul,M
15,19,26,23,9,Coesh,M
3,24,25,25,25,18,Kiaaal,M
25,4,21,17,14,Ajrum,M
8,24,21,8,24,18,Firfil,M
8,6,22,19,25,17,14,Fynoaum,M
12,24,17,18,Giul,M
25,10,9,19,25,18,Avhoal,M
25,9,25,21,Ahar,M
12,24,21,24,20,17,22,Giritun,M
12,26,22,17,14,Genum,M
26,20,19,26,16,25,21,Etoedar,M
26,10,9,24,18,Evhil,M
8,25,2,14,17,22,Fawmun,M
25,16,16,24,21,Addir,M
25,10,22,22,20,9,17,18,Avnnthul,M
26,21,22,22,16,24,21,Ernndir,M
26,1,8,24,21,Ezfir,M
26,14,2,26,18,22,25,21,Emwelnar,M
26,6,26,23,9,Eyesh,M
26,19,6,26,24,23,9,Eoyeish,M
26,12,8,24,22,Egfin,M
26,13,17,21,Epur,M
26,22,2,20,9,17,18,Enwthul,M
25,5,9,24,17,22,Axhiun,M
26,14,16,19,22,Emdon,M
26,13,9,19,25,24,23,9,Ephoaish,M
25,22,19,17,18,Anoul,M
25,26,20,9,17,18,Aethul,M
26,3,19,8,24,16,19,22,Ekofidon,M
26,20,22,25,21,Etnar,M
3,19,22,19,20,17,22,Konotun,M
26,24,19,8,16,25,21,Eiofdar,M
17,20,17,22,Utun,M
25,5,26,18,9,19,16,24,21,Axelhodir,M
1,19,17,22,Zoun,M
26,17,22,19,17,21,Eunour,M
26,17,2,16,25,21,Euwdar,M
25,10,16,17,22,Avdun,M
26,21,26,18,9,24,17,22,Erelhiun,M
26,15,26,18,25,18,Ecelal,M
8,24,18,Fil,M
25,14,16,25,21,Amdar,M
8,17,14,14,22,Fummn,M
8,26,6,21,24,24,22,Feyriin,M
25,25,22,19,9,19,17,18,Aanohoul,M
25,26,14,26,18,17,18,Aemelul,M
12,6,20,9,17,18,Gythul,M
15,19,6,21,24,21,Coyrir,M
25,21,18,Arl,M
25,7,2,25,21,Aqwar,M
15,24,24,22,22,Ciinn,M
3,17,17,22,Kuun,M
25,12,17,14,Agum,M
8,6,17,24,22,22,Fyuinn,M
12,6,9,24,17,18,Gyhiul,M
26,4,19,20,17,22,Ejotun,M
15,25,2,17,14,Cawum,M
1,8,21,24,23,9,Zfrish,M
15,17,17,16,17,22,Cuudun,M
26,12,22,19,24,23,9,Egnoish,M
6,26,18,25,21,Yelar,M
3,6,26,23,9,Kyesh,M
25,3,26,16,25,21,Akedar,M
26,10,24,22,Evin,M
26,21,17,22,Erun,M
26,25,2,24,24,22,22,Eawiinn,M
8,17,16,17,22,Fudun,M
12,24,8,22,25,21,Gifnar,M
25,21,9,19,8,24,26,23,9,Arhofiesh,M
8,19,22,17,22,25,21,Fonunar,M
25,26,26,18,21,18,Aeelrl,M
26,8,25,17,25,21,Efauar,M
1,22,19,21,16,24,21,Znordir,M
26,7,17,21,Equr,M
19,24,16,17,22,Oidun,M
12,6,8,24,22,Gyfin,M
12,24,17,22,Giun,M
25,18,25,26,17,14,Alaeum,M
25,14,16,24,21,Amdir,M
1,21,24,19,26,23,9,Zrioesh,M
25,5,24,23,9,Axish,M
25,24,16,19,22,Aidon,M
26,3,25,21,Ekar,M
26,16,25,21,Edar,M
3,19,22,Kon,M
26,15,24,21,25,21,Ecirar,M
12,24,24,24,16,25,21,Giiidar,M
26,17,25,9,19,17,14,Euahoum,M
25,20,9,19,8,24,23,9,Athofish,M
15,26,17,21,Ceur,M
26,13,25,21,Epar,M
12,17,25,17,22,Guaun,M
3,25,26,18,17,14,Kaelum,M
26,20,17,24,22,Etuin,M
26,19,26,26,18,26,23,9,Eoeelesh,M
24,2,17,18,Iwul,M
26,24,24,23,9,Eiish,M
26,18,8,24,18,Elfil,M
26,11,21,24,22,22,Ebrinn,M
26,8,8,24,21,Effir,M
25,21,9,19,21,Arhor,M
26,23,9,19,20,17,22,Eshotun,M
25,9,21,26,23,9,Ahresh,M
25,23,24,22,22,Asinn,M
12,19,9,19,17,14,Gohoum,M
26,18,24,22,22,Elinn,M
25,22,22,25,20,17,22,Annatun,M
26,7,22,19,16,19,22,Eqnodon,M
26,15,8,18,21,Ecflr,M
25,23,24,22,Asin,M
12,26,21,Ger,M
15,17,25,21,Cuar,M
3,19,14,17,14,Komum,M
12,25,26,19,17,22,Gaeoun,M
26,17,25,21,Euar,M
26,9,24,17,20,17,22,Ehiutun,M
25,11,17,17,18,Abuul,M
12,19,2,24,23,9,Gowish,M
26,21,25,25,25,21,Eraaar,M
25,20,17,9,19,21,Atuhor,M
26,1,20,17,22,Eztun,M
25,14,21,16,25,21,Amrdar,M
25,5,21,8,24,20,17,22,Axrfitun,M
26,17,6,17,22,Euyun,M
3,6,8,24,6,26,23,9,Kyfiyesh,M
26,15,21,24,6,16,19,22,Ecriydon,M
26,13,9,19,2,17,14,Ephowum,M
25,14,17,25,21,Amuar,M
26,12,18,21,24,17,14,Eglrium,M
12,26,16,17,22,Gedun,M
12,6,6,25,18,Gyyal,M
25,22,9,24,21,20,17,22,Anhirtun,M
15,25,22,19,17,14,Canoum,M
26,19,8,24,16,25,21,Eofidar,M
26,12,22,Egn,M
15,25,21,24,26,18,16,24,21,Carieldir,M
3,25,26,21,Kaer,M
25,7,14,2,24,22,22,Aqmwinn,M
25,21,Ar,M
12,17,9,24,18,Guhil,M
25,1,21,24,24,22,Azriin,M
25,20,18,Atl,M
3,26,21,24,21,24,17,21,Keririur,M
8,19,8,22,Fofn,M
5,21,24,16,17,22,Xridun,M
12,26,19,17,14,Geoum,M
25,5,8,9,19,20,9,17,18,Axfhothul,M
19,24,22,Oin,M
26,9,24,16,17,22,Ehidun,M
25,16,22,24,22,22,Adninn,M
26,17,17,17,18,Euuul,M
25,1,6,17,22,Azyun,M
26,23,25,21,Esar,M
3,17,2,24,23,9,Kuwish,M
3,26,25,21,Kear,M
26,7,24,22,21,Eqinr,M
26,13,26,21,Eper,M
3,24,9,24,14,24,22,Kihimin,M
26,24,26,16,24,21,Eiedir,M
25,15,25,21,Acar,M
8,17,17,22,Fuun,M
25,23,18,Asl,M
26,1,22,2,16,24,21,Eznwdir,M
25,20,17,22,Atun,M
12,6,24,23,9,Gyish,M
25,1,26,18,18,16,24,21,Azelldir,M
25,7,18,Aql,M
3,24,18,19,20,9,17,18,Kilothul,M
26,20,16,25,21,Etdar,M
8,17,24,22,22,Fuinn,M
3,25,9,24,14,16,17,22,Kahimdun,M
25,11,26,18,20,17,22,Abeltun,M
3,19,26,18,9,19,16,25,21,Koelhodar,M
25,13,24,22,22,Apinn,M
12,19,17,25,18,Goual,M
26,17,26,26,18,18,Eueell,M
8,25,24,22,Fain,M
25,23,26,21,16,17,22,Aserdun,M
19,2,16,24,21,Owdir,M
8,19,26,22,Foen,M
25,6,26,22,25,21,Ayenar,M
25,16,9,24,26,17,18,Adhieul,M
25,16,20,17,22,Adtun,M
25,10,9,19,26,16,19,22,Avhoedon,M
26,1,17,14,Ezum,M
3,17,16,24,21,Kudir,M
25,25,16,25,21,Aadar,M
3,17,2,26,18,17,21,Kuwelur,M
6,18,2,17,22,Ylwun,M
12,6,21,24,22,Gyrin,M
25,12,6,24,23,9,Agyish,M
15,26,21,24,25,20,9,17,18,Ceriathul,M
26,7,14,17,18,Eqmul,M
26,8,6,2,22,25,21,Efywnar,M
8,26,25,21,Fear,M
26,21,20,17,22,Ertun,M
26,22,14,26,17,22,Enmeun,M
15,26,26,9,19,22,25,21,Ceehonar,M
26,14,21,25,21,Emrar,M
15,19,8,22,24,22,22,Cofninn,M
15,26,26,6,26,23,9,Ceeyesh,M
26,14,14,21,Emmr,M
26,25,22,26,18,25,21,Eanelar,M
12,17,17,21,Guur,M
25,9,21,24,22,Ahrin,M
26,26,18,8,26,23,9,Eelfesh,M
26,24,18,Eil,M
3,25,25,21,Kaar,M
3,6,26,18,20,9,17,18,Kyelthul,M
26,26,22,19,25,18,Eenoal,M
8,6,19,18,Fyol,M
8,17,9,19,9,24,16,19,22,Fuhohidon,M
12,25,26,18,24,23,9,Gaelish,M
12,24,6,16,17,22,Giydun,M
26,1,8,26,18,20,9,17,18,Ezfelthul,M
26,16,8,19,17,21,Edfour,M
26,12,8,24,14,20,17,22,Egfimtun,M
26,7,25,8,16,19,22,Eqafdon,M
15,17,16,24,21,Cudir,M
26,9,20,9,17,18,Ehthul,M
12,17,14,24,22,Gumin,M
26,25,19,17,22,Eaoun,M
26,14,2,18,Emwl,M
15,17,22,19,25,21,Cunoar,M
24,25,17,14,Iaum,M
26,8,19,20,9,17,18,Efothul,M
8,25,8,22,Fafn,M
26,17,21,Eur,M
15,25,14,25,21,Camar,M
12,26,17,14,Geum,M
25,22,25,21,Anar,M
8,17,24,8,24,22,22,Fuifinn,M
26,1,24,22,22,Ezinn,M
26,24,9,19,21,16,19,22,Eihordon,M
12,17,16,24,21,Gudir,M
26,3,22,16,19,22,Ekndon,M
26,17,22,Eun,M
26,25,20,17,22,Eatun,M
25,10,17,21,Avur,M
8,19,25,25,18,Foaal,M
25,7,17,14,Aqum,M
25,18,21,24,22,Alrin,M
3,24,18,Kil,M
25,23,22,Asn,M
25,18,18,17,21,Allur,M
26,22,26,9,24,25,18,Enehial,M
8,19,17,14,Foum,M
25,1,24,22,22,Azinn,M
24,9,24,22,25,21,Ihinar,M
25,7,26,23,9,Aqesh,M
25,8,14,24,22,22,Afminn,M
26,22,24,23,9,Enish,M
15,25,21,24,22,22,Carinn,M
3,26,24,22,22,Keinn,M
26,1,19,9,24,18,Ezohil,M
26,22,18,26,18,21,Enlelr,M
25,10,14,6,24,22,Avmyin,M
26,20,19,20,9,17,18,Etothul,M
26,11,25,14,18,Ebaml,M
26,1,25,26,22,25,21,Ezaenar,M
25,3,9,24,25,21,Akhiar,M
1,8,19,17,22,Zfoun,M
25,17,26,24,22,22,Aueinn,M
25,1,16,17,22,Azdun,M
25,11,21,Abr,M
25,3,8,8,24,17,18,Akffiul,M
25,23,20,17,22,Astun,M
26,19,25,9,24,16,24,21,Eoahidir,M
25,14,17,18,Amul,M
26,16,19,14,26,23,9,Edomesh,M
8,17,18,Ful,M
26,7,17,25,20,17,22,Equatun,M
26,25,16,19,22,Eadon,M
12,25,8,24,21,21,Gafirr,M
8,24,19,2,25,18,Fiowal,M
26,14,22,25,21,Emnar,M
3,25,17,9,24,17,22,Kauhiun,M
26,20,22,Etn,M
25,24,6,26,23,9,Aiyesh,M
5,24,21,25,21,Xirar,M
25,1,21,Azr,M
26,1,22,19,18,Eznol,M
12,19,21,24,2,16,17,22,Goriwdun,M
3,17,18,Kul,M
26,7,25,17,22,Eqaun,M
12,26,8,24,26,23,9,Gefiesh,M
3,17,18,Kul,M
26,11,17,19,22,25,21,Ebuonar,M
25,6,24,22,Ayin,M
26,17,21,24,18,Euril,M
26,9,26,21,Eher,M
25,3,19,16,19,22,Akodon,M
26,20,26,18,25,21,Etelar,M
8,17,14,16,24,21,Fumdir,M
26,15,26,18,6,24,22,Ecelyin,M
12,6,21,18,Gyrl,M
15,26,21,Cer,M
12,6,9,24,21,24,20,17,22,Gyhiritun,M
26,24,21,24,26,18,22,Eirieln,M
12,6,17,26,23,9,Gyuesh,M
26,10,26,9,24,17,14,Evehium,M
1,19,21,Zor,M
26,14,6,8,24,16,19,22,Emyfidon,M
26,3,21,Ekr,M
12,24,18,17,22,Gilun,M
26,17,24,22,22,Euinn,M
15,19,8,24,17,21,Cofiur,M
15,19,8,18,Cofl,M
15,17,25,17,21,Cuaur,M
26,19,17,18,Eoul,M
12,17,16,17,22,Gudun,M
26,12,22,Egn,M
25,26,8,17,14,Aefum,M
8,19,14,26,23,9,Fomesh,M
26,10,8,21,24,16,19,22,Evfridon,M
25,8,25,21,Afar,M
3,26,25,16,17,22,Keadun,M
26,22,17,22,Enun,M
26,4,16,24,21,Ejdir,M
26,7,22,19,25,18,Eqnoal,M
15,17,21,Cur,M
3,25,25,25,25,18,Kaaaal,M
8,6,21,24,22,19,25,21,Fyrinoar,M
26,11,25,21,Ebar,M
8,17,26,23,9,Fuesh,M
26,25,16,24,21,Eadir,M
25,7,26,25,21,Aqear,M
26,10,16,17,22,Evdun,M
12,24,25,21,Giar,M
25,22,21,Anr,M
25,24,16,25,21,Aidar,M
12,19,22,Gon,M
26,8,24,25,17,21,Efiaur,M
19,21,22,25,21,Ornar,M
12,6,22,21,17,18,Gynrul,M
25,6,8,24,24,23,9,Ayfiish,M
3,25,16,17,22,Kadun,M
26,17,9,19,25,21,Euhoar,M
6,24,9,19,20,9,17,18,Yihothul,M
3,26,2,20,17,22,Kewtun,M
25,15,19,8,16,24,21,Acofdir,M
15,25,8,26,18,25,21,Cafelar,M
26,1,8,20,9,17,18,Ezfthul,M
8,17,25,25,18,Fuaal,M
26,25,24,23,9,Eaish,M
25,9,22,19,8,20,9,17,18,Ahnofthul,M
26,16,26,23,9,Edesh,M
26,13,19,26,18,26,23,9,Epoelesh,M
15,24,2,24,21,Ciwir,M
25,26,26,23,9,Aeesh,M
8,6,22,25,21,Fynar,M
19,26,18,24,23,9,Oelish,M
26,8,2,17,18,Efwul,M
26,22,17,18,18,Enull,M
25,16,25,17,22,Adaun,M
3,26,8,22,24,22,Kefnin,M
8,6,26,18,26,16,19,22,Fyeledon,M
12,19,21,9,19,17,14,Gorhoum,M
12,6,14,25,17,22,Gymaun,M
26,19,26,18,17,21,Eoelur,M
26,11,17,21,Ebur,M
25,4,22,19,25,18,Ajnoal,M
25,9,18,18,26,23,9,Ahllesh,M
3,25,14,21,17,21,Kamrur,M
25,21,6,25,18,Aryal,M
26,22,22,21,24,18,Ennril,M
24,9,24,26,23,9,Ihiesh,M
25,25,22,19,24,22,Aanoin,M
15,6,20,17,22,Cytun,M
1,16,17,22,Zdun,M
25,12,21,24,9,19,22,Agrihon,M
5,26,18,24,22,22,Xelinn,M
26,11,21,Ebr,M
26,25,25,21,Eaar,M
15,6,25,21,Cyar,M
26,17,21,24,17,14,Eurium,M
26,25,22,Ean,M
3,6,26,18,22,19,16,24,21,Kyelnodir,M
12,19,22,19,21,24,20,9,17,18,Gonorithul,M
5,22,20,9,17,18,Xnthul,M
25,17,8,24,22,22,Aufinn,M
25,18,24,22,22,Alinn,M
25,23,9,24,18,Ashil,M
8,24,8,2,20,17,22,Fifwtun,M
12,6,21,19,21,Gyror,M
25,25,22,9,24,16,24,21,Aanhidir,M
26,21,22,19,17,22,Ernoun,M
3,26,16,24,21,Kedir,M
15,17,9,24,21,Cuhir,M
25,15,26,23,9,Acesh,M
12,24,6,26,26,23,9,Giyeesh,M
12,26,22,Gen,M
25,17,26,18,17,24,22,Aueluin,M
3,6,6,24,23,9,Kyyish,M
26,23,21,24,22,22,Esrinn,M
8,17,17,22,Fuun,M
25,13,22,26,18,16,19,22,Apneldon,M
15,24,2,24,22,Ciwin,M
25,22,17,18,Anul,M
8,26,8,9,19,16,17,22,Fefhodun,M
17,17,22,Uun,M
25,26,9,24,17,14,Aehium,M
25,23,8,16,24,21,Asfdir,M
12,6,24,26,18,24,22,Gyielin,M
25,23,17,22,19,17,18,Asunoul,M
25,15,25,14,20,9,17,18,Acamthul,M
25,9,17,21,Ahur,M
25,22,26,24,16,17,22,Aneidun,M
26,20,17,14,20,9,17,18,Etumthul,M
25,25,9,24,17,17,14,Aahiuum,M
26,23,14,20,17,22,Esmtun,M
24,25,18,Ial,M
26,22,9,19,16,19,22,Enhodon,M
12,6,24,23,9,Gyish,M
8,6,21,24,8,17,22,Fyrifun,M
3,19,26,21,Koer,M
8,6,24,26,21,Fyier,M
25,4,22,24,16,17,22,Ajnidun,M
25,14,8,24,17,24,22,Amfiuin,M
25,8,26,25,21,Afear,M
3,26,21,24,22,Kerin,M
25,7,9,19,17,18,Aqhoul,M
25,6,22,19,24,26,23,9,Aynoiesh,M
25,7,6,20,9,17,18,Aqythul,M
26,14,19,24,17,22,Emoiun,M
12,25,22,20,9,17,18,Ganthul,M
5,17,18,Xul,M
15,26,6,8,24,17,14,Ceyfium,M
3,17,21,20,17,22,Kurtun,M
26,19,25,16,19,22,Eoadon,M
26,11,26,18,18,Ebell,M
25,24,14,25,18,Aimal,M
3,26,17,21,Keur,M
8,24,16,19,22,Fidon,M
15,24,20,17,22,Citun,M
25,26,2,16,17,22,Aewdun,M
12,6,19,8,24,17,21,Gyofiur,M
25,4,21,Ajr,M
12,6,17,22,Gyun,M
8,6,26,18,24,22,22,Fyelinn,M
25,24,9,24,20,9,17,18,Aihithul,M
26,11,19,8,24,22,Ebofin,M
25,3,22,22,Aknn,M
15,26,8,24,25,18,Cefial,M
8,26,24,23,9,Feish,M
25,7,14,16,25,21,Aqmdar,M
3,26,22,14,20,9,17,18,Kenmthul,M
26,13,2,24,22,22,Epwinn,M
1,24,16,25,21,Zidar,M
15,26,25,22,22,Ceann,M
25,6,6,26,16,25,21,Ayyedar,M
26,16,19,22,Edon,M
26,21,22,Ern,M
26,16,9,24,17,22,Edhiun,M
26,19,2,17,22,Eowun,M
25,23,25,21,Asar,M
15,6,25,16,24,21,Cyadir,M
26,16,26,18,24,22,Edelin,M
12,24,26,17,18,Gieul,M
26,14,14,25,21,Emmar,M
25,10,21,24,25,18,Avrial,M
8,6,18,22,18,Fylnl,M
8,17,24,16,17,22,Fuidun,M
26,8,8,26,16,25,21,Effedar,M
25,14,21,17,17,21,Amruur,M
26,12,8,24,21,Egfir,M
25,10,22,19,26,23,9,Avnoesh,M
25,12,9,24,25,18,Aghial,M
8,19,22,22,19,17,18,Fonnoul,M
15,26,25,26,18,26,23,9,Ceaelesh,M
26,17,9,24,21,Euhir,M
19,22,25,21,Onar,M
8,19,16,19,22,Fodon,M
3,19,6,17,21,Koyur,M
5,22,25,21,Xnar,M
25,17,16,19,22,Audon,M
25,8,16,25,21,Afdar,M
25,26,25,22,Aean,M
12,24,17,22,Giun,M
26,15,8,26,21,Ecfer,M
26,16,17,22,Edun,M
26,24,22,19,26,22,25,21,Einoenar,M
25,10,25,24,16,24,21,Avaidir,M
25,11,8,16,24,21,Abfdir,M
25,11,16,19,22,Abdon,M
15,25,24,22,22,Cainn,M
25,17,9,24,24,16,25,21,Auhiidar,M
26,10,19,26,18,16,25,21,Evoeldar,M
25,19,16,17,22,Aodun,M
25,12,21,24,21,24,22,Agririn,M
26,8,20,9,17,18,Efthul,M
25,14,18,Aml,M
25,15,2,24,23,9,Acwish,M
26,20,2,16,19,22,Etwdon,M
26,10,8,14,24,22,Evfmin,M
8,26,18,20,17,22,Feltun,M
25,17,2,18,21,Auwlr,M
15,17,2,8,24,21,Cuwfir,M
12,25,25,25,21,Gaaar,M
12,26,25,25,16,19,22,Geaadon,M
5,25,24,22,22,Xainn,M
25,12,8,22,Agfn,M
26,7,26,18,16,25,21,Eqeldar,M
25,9,18,9,24,16,19,22,Ahlhidon,M
15,17,26,18,20,9,17,18,Cuelthul,M
25,13,21,24,21,Aprir,M
25,17,17,14,Auum,M
15,6,24,23,9,Cyish,M
25,15,8,8,24,17,14,Acffium,M
15,17,16,17,22,Cudun,M
25,8,19,24,22,22,Afoinn,M
6,22,25,21,Ynar,M
15,24,16,24,21,Cidir,M
25,23,25,21,Asar,M
12,26,22,25,21,Genar,M
25,25,26,18,24,20,9,17,18,Aaelithul,M
25,12,2,26,26,23,9,Agweesh,M
15,6,22,19,25,18,Cynoal,M
12,26,19,22,21,Geonr,M
26,16,9,24,16,24,21,Edhidir,M
25,25,22,19,20,9,17,18,Aanothul,M
25,9,9,24,26,18,25,18,Ahhielal,M
25,16,19,8,17,14,Adofum,M
26,7,17,22,Equn,M
15,6,22,22,19,20,9,17,18,Cynnothul,M
25,5,21,Axr,M
15,26,6,21,25,18,Ceyral,M
26,4,17,14,Ejum,M
25,1,22,Azn,M
12,24,17,18,Giul,M
15,26,22,17,21,Cenur,M
25,13,25,22,19,22,Apanon,M
25,7,17,14,Aqum,M
8,25,21,Far,M
25,10,24,22,25,21,Avinar,M
26,8,17,26,17,18,Efueul,M
12,24,20,9,17,18,Githul,M
26,9,8,24,20,17,22,Ehfitun,M
26,20,16,17,22,Etdun,M
26,4,21,16,17,22,Ejrdun,M
25,20,17,14,Atum,M
26,13,16,17,22,Epdun,M
26,8,24,25,21,Efiar,M
3,17,17,14,Kuum,M
26,16,25,9,24,24,23,9,Edahiish,M
15,25,26,23,9,Caesh,M
25,3,22,21,Aknr,M
26,20,14,14,24,22,Etmmin,M
6,19,24,25,21,Yoiar,M
26,21,2,24,16,24,21,Erwidir,M
25,5,6,14,21,Axymr,M
15,25,25,26,23,9,Caaesh,M
5,14,16,24,21,Xmdir,M
25,8,21,21,24,16,25,21,Afrridar,M
25,9,9,19,16,19,22,Ahhodon,M
25,23,18,25,18,Aslal,M
3,17,25,21,Kuar,M
26,10,16,17,22,Evdun,M
26,11,14,6,25,21,Ebmyar,M
19,24,16,25,21,Oidar,M
24,2,21,24,25,21,Iwriar,M
26,3,21,24,22,19,18,Ekrinol,M
3,25,24,22,Kain,M
25,23,9,19,24,22,22,Ashoinn,M
25,5,24,2,16,25,21,Axiwdar,M
26,3,8,24,8,17,14,Ekfifum,M
25,6,16,17,22,Aydun,M
15,24,17,22,Ciun,M
12,25,24,22,Gain,M
15,26,24,22,Cein,M
8,25,6,25,25,18,Fayaal,M
25,8,25,21,21,Afarr,M
26,15,24,6,25,21,Eciyar,M
26,25,22,8,24,24,23,9,Eanfiish,M
25,22,22,Ann,M
26,3,24,22,22,Ekinn,M
26,25,16,19,22,Eadon,M
8,24,25,22,25,21,Fianar,M
19,26,17,18,Oeul,M
26,6,16,17,22,Eydun,M
12,24,17,21,Giur,M
1,22,19,25,21,Znoar,M
26,17,21,Eur,M
24,25,17,18,Iaul,M
8,26,2,22,18,Fewnl,M
25,9,17,21,Ahur,M
26,24,9,24,19,24,22,22,Eihioinn,M
15,17,24,22,Cuin,M
12,17,21,Gur,M
15,26,24,25,18,Ceial,M
25,8,16,17,22,Afdun,M
24,8,17,16,24,21,Ifudir,M
5,17,22,Xun,M
26,19,25,18,Eoal,M
15,19,16,19,22,Codon,M
25,4,17,22,Ajun,M
12,6,19,24,22,Gyoin,M
8,19,18,Fol,M
12,24,24,9,19,22,25,21,Giihonar,M
8,26,21,24,2,25,21,Feriwar,M
3,25,14,18,Kaml,M
3,25,24,22,22,Kainn,M
26,8,9,19,8,16,17,22,Efhofdun,M
25,3,6,21,Akyr,M
15,6,22,Cyn,M
25,8,6,18,Afyl,M
15,19,21,24,9,24,22,25,21,Corihinar,M
8,17,26,24,22,22,Fueinn,M
8,24,26,22,21,Fienr,M
15,26,20,17,22,Cetun,M
19,24,24,25,18,Oiial,M
25,8,18,22,Afln,M
19,9,19,9,24,21,Ohohir,M
25,25,17,17,22,Aauun,M
3,25,26,18,18,17,18,Kaellul,M
8,25,25,21,Faar,M
15,19,20,17,22,Cotun,M
25,24,25,18,Aial,M
8,17,6,16,24,21,Fuydir,M
3,6,8,21,24,22,Kyfrin,M
12,19,6,16,25,21,Goydar,M
8,17,26,23,9,Fuesh,M
25,16,21,24,22,Adrin,M
26,3,26,18,14,25,18,Ekelmal,M
15,25,19,17,22,Caoun,M
12,6,16,24,21,Gydir,M
26,25,21,24,21,Earir,M
26,23,22,19,16,25,21,Esnodar,M
26,14,25,25,18,Emaal,M
1,17,21,Zur,M
26,13,6,16,25,21,Epydar,M
15,6,2,14,16,24,21,Cywmdir,M
25,25,8,24,17,25,18,Aafiual,M
25,8,25,17,16,19,22,Afaudon,M
26,8,17,14,Efum,M
25,18,22,Aln,M
25,24,16,25,21,Aidar,M
12,26,9,24,6,16,17,22,Gehiydun,M
25,9,24,22,Ahin,M
12,17,19,22,19,20,17,22,Guonotun,M
8,24,25,21,Fiar,M
26,16,18,9,24,16,17,22,Edlhidun,M
25,19,18,9,24,20,9,17,18,Aolhithul,M
25,13,22,19,18,Apnol,M
8,17,16,17,22,Fudun,M
12,24,17,14,Gium,M
25,5,17,22,Axun,M
15,19,20,9,17,18,Cothul,M
8,25,8,24,17,18,Fafiul,M
25,26,16,17,22,Aedun,M
15,26,26,9,24,16,24,21,Ceehidir,M
15,19,16,25,21,Codar,M
8,17,25,22,Fuan,M
12,17,25,18,Gual,M
25,1,16,24,21,Azdir,M
25,9,9,24,20,17,22,Ahhitun,M
8,6,25,8,25,21,Fyafar,M
25,3,22,19,17,22,Aknoun,M
8,6,24,22,Fyin,M
5,9,24,22,19,24,22,Xhinoin,M
26,12,22,25,21,Egnar,M
26,24,17,18,Eiul,M
26,26,8,24,22,25,21,Eefinar,M
8,19,9,24,9,24,16,25,21,Fohihidar,M
15,19,16,19,22,Codon,M
25,22,22,19,22,Annon,M
17,21,17,17,18,Uruul,M
8,17,14,21,24,20,9,17,18,Fumrithul,M
15,17,24,22,22,Cuinn,M
26,11,22,19,22,21,Ebnonr,M
25,18,25,21,Alar,M
25,23,26,23,9,Asesh,M
12,6,25,8,22,Gyafn,M
26,21,9,19,17,21,Erhour,M
25,6,24,22,22,Ayinn,M
24,21,Ir,M
12,25,14,16,17,22,Gamdun,M
25,6,21,Ayr,M
25,1,26,22,19,26,23,9,Azenoesh,M
15,25,6,25,21,Cayar,M
19,24,22,Oin,M
1,17,16,17,22,Zudun,M
25,24,18,2,25,21,Ailwar,M
12,26,17,14,Geum,M
25,14,21,24,24,23,9,Amriish,M
8,25,25,18,Faal,M
8,25,6,17,14,Fayum,M
12,19,17,18,Goul,M
25,24,8,26,18,16,19,22,Aifeldon,M
25,22,26,26,16,19,22,Aneedon,M
26,6,18,Eyl,M
8,25,8,22,Fafn,M
15,25,26,26,18,16,17,22,Caeeldun,M
25,7,22,19,24,23,9,Aqnoish,M
15,25,17,14,Caum,M
25,10,21,24,22,25,21,Avrinar,M
15,26,17,24,22,Ceuin,M
8,26,6,17,22,Feyun,M
25,16,22,Adn,M
26,3,22,8,20,17,22,Eknftun,M
26,17,26,18,17,21,Euelur,M
25,8,24,20,9,17,18,Afithul,M
25,23,8,25,21,Asfar,M
26,21,22,17,21,Ernur,M
25,18,18,21,24,17,18,Allriul,M
25,4,22,17,22,Ajnun,M
5,16,25,21,Xdar,M
25,5,9,19,26,18,17,14,Axhoelum,M
25,25,25,21,Aaar,M
25,15,8,9,19,26,23,9,Acfhoesh,M
25,20,16,24,21,Atdir,M
25,9,18,22,19,25,21,Ahlnoar,M
15,17,22,19,19,25,21,Cunooar,M
15,25,21,Car,M
6,26,24,22,Yein,M
25,19,17,18,Aoul,M
15,25,17,17,14,Cauum,M
25,4,17,21,Ajur,M
25,23,17,18,Asul,M
26,11,21,18,Ebrl,M
26,24,26,20,9,17,18,Eiethul,M
25,14,21,21,24,23,9,Amrrish,M
15,6,17,8,17,21,Cyufur,M
26,22,25,21,Enar,M
26,6,17,8,26,23,9,Eyufesh,M
12,24,21,Gir,M
15,19,26,23,9,Coesh,M
26,17,24,22,22,Euinn,M
15,26,25,18,Ceal,M
25,6,21,Ayr,M
25,18,25,21,Alar,M
24,25,21,Iar,M
25,9,8,24,17,22,Ahfiun,M
3,25,25,22,25,21,Kaanar,M
17,9,19,26,18,Uhoel,M
15,24,8,24,19,17,18,Cifioul,M
26,4,19,26,23,9,Ejoesh,M
3,26,21,Ker,M
25,17,21,Aur,M
25,25,8,22,19,20,17,22,Aafnotun,M
3,19,26,18,26,23,9,Koelesh,M
26,15,25,20,9,17,18,Ecathul,M
25,7,25,18,Aqal,M
25,16,22,19,17,18,Adnoul,M
26,6,21,24,20,9,17,18,Eyrithul,M
12,17,18,17,14,Gulum,M
26,24,21,24,22,Eirin,M
26,9,19,18,20,9,17,18,Eholthul,M
25,7,25,21,Aqar,M
25,15,9,24,22,25,18,Achinal,M
26,8,16,17,22,Efdun,M
26,23,24,22,Esin,M
3,17,22,19,17,21,Kunour,M
25,4,9,19,20,9,17,18,Ajhothul,M
26,21,22,16,19,22,Erndon,M
15,26,6,19,25,21,Ceyoar,M
19,17,9,24,26,23,9,Ouhiesh,M
17,8,24,19,21,Ufior,M
8,19,25,24,22,Foain,M
12,6,9,19,19,25,21,Gyhooar,M
8,19,6,22,19,22,Foynon,M
8,6,25,21,Fyar,M
25,25,6,18,25,21,Aaylar,M
25,4,26,18,Ajel,M
15,24,17,19,22,Ciuon,M
25,22,26,18,26,23,9,Anelesh,M
8,17,8,25,21,Fufar,M
3,17,26,23,9,Kuesh,M
26,22,26,16,19,22,Enedon,M
25,23,26,24,22,22,Aseinn,M
3,19,26,18,16,25,21,Koeldar,M
3,19,8,24,25,18,Kofial,M
26,14,6,25,21,Emyar,M
8,19,8,24,24,23,9,Fofiish,M
19,8,24,25,17,14,Ofiaum,M
3,19,20,17,22,Kotun,M
3,19,6,17,22,Koyun,M
25,8,9,19,16,25,21,Afhodar,M
25,12,17,22,Agun,M
26,22,25,21,Enar,M
12,17,8,24,22,17,14,Gufinum,M
26,1,26,18,22,Ezeln,M
3,24,24,24,22,Kiiin,M
3,25,16,19,22,Kadon,M
12,25,2,18,Gawl,M
25,7,26,18,22,19,17,14,Aqelnoum,M
25,18,19,24,22,25,21,Aloinar,M
3,24,6,25,21,Kiyar,M
15,17,21,25,21,Curar,M
25,23,25,18,16,17,22,Asaldun,M
25,8,2,18,Afwl,M
15,19,17,24,18,Couil,M
25,21,21,22,Arrn,M
15,26,21,24,22,Cerin,M
25,14,22,2,16,24,21,Amnwdir,M
26,23,25,18,Esal,M
12,6,16,25,21,Gydar,M
12,26,22,17,16,19,22,Genudon,M
25,24,22,19,26,25,18,Ainoeal,M
26,9,6,26,Ehye,F
8,17,25,24,22,26,Fuaine,F
25,22,8,22,20,25,Anfnta,F
25,13,9,24,8,24,3,25,Aphifika,F
25,11,22,26,18,26,Abnele,F
25,22,9,24,21,24,Anhiri,F
25,22,22,19,22,26,Annone,F
24,18,26,Ile,F
26,20,22,26,20,9,Etneth,F
25,24,22,19,24,3,25,Ainoika,F
25,20,8,22,24,Atfni,F
26,11,8,21,24,24,25,Ebfriia,F
12,19,25,24,3,25,Goaika,F
25,16,18,26,Adle,F
25,9,22,19,21,24,3,25,Ahnorika,F
25,24,26,22,25,Aiena,F
25,23,26,Ase,F
26,24,14,22,24,Eimni,F
25,4,26,22,25,Ajena,F
8,17,14,26,26,Fumee,F
25,13,9,19,24,25,Aphoia,F
25,14,25,Ama,F
26,14,26,17,24,3,25,Emeuika,F
6,26,Ye,F
19,19,9,24,24,25,Oohiia,F
26,3,26,26,22,25,Ekeena,F
12,26,14,24,22,26,Gemine,F
12,24,26,18,9,19,24,3,25,Gielhoika,F
15,17,6,23,25,Cuysa,F
26,15,8,24,6,22,25,Ecfiyna,F
25,2,24,Awi,F
26,19,24,3,25,Eoika,F
12,19,22,22,26,20,9,Gonneth,F
26,1,14,22,24,Ezmni,F
26,18,14,9,24,26,26,Elmhiee,F
25,23,18,22,24,Aslni,F
26,17,8,24,9,19,25,Eufihoa,F
26,1,6,9,24,14,26,26,Ezyhimee,F
26,19,6,21,24,Eoyri,F
26,23,2,2,22,26,20,9,Eswwneth,F
8,25,26,24,25,Faeia,F
26,17,26,22,26,26,Euenee,F
26,3,26,14,26,26,Ekemee,F
15,25,24,3,25,Caika,F
26,6,2,26,Eywe,F
25,22,9,19,22,26,20,9,Anhoneth,F
26,10,6,22,19,24,22,26,Evynoine,F
26,17,22,26,20,9,Euneth,F
15,6,14,22,19,14,26,26,Cymnomee,F
26,25,18,18,26,Ealle,F
3,25,8,19,24,Kafoi,F
26,19,22,21,24,Eonri,F
25,1,8,18,26,Azfle,F
26,4,21,24,Ejri,F
26,11,18,26,Eble,F
8,24,22,26,Fine,F
15,26,8,26,18,22,24,Cefelni,F
25,22,26,Ane,F
26,13,26,26,Epee,F
25,6,26,Aye,F
25,24,26,Aie,F
25,4,8,18,24,25,Ajflia,F
3,17,8,24,23,25,Kufisa,F
17,9,24,19,26,26,Uhioee,F
25,14,24,3,25,Amika,F
25,8,8,24,26,26,Affiee,F
26,17,21,24,20,25,Eurita,F
26,21,9,19,2,14,26,26,Erhowmee,F
25,20,19,18,22,26,Atolne,F
15,24,26,Cie,F
12,6,14,21,20,25,Gymrta,F
26,17,8,24,22,24,Eufini,F
26,20,25,22,25,Etana,F
26,4,8,24,22,26,Ejfine,F
25,20,18,26,Atle,F
26,7,24,3,25,Eqika,F
25,24,22,24,Aini,F
26,16,9,19,19,22,25,Edhoona,F
26,21,18,18,24,25,Erllia,F
6,2,26,18,24,25,Ywelia,F
25,17,26,22,25,Auena,F
25,21,22,26,20,9,Arneth,F
26,17,14,26,26,Eumee,F
26,24,26,19,24,Eieoi,F
26,3,8,24,19,20,25,Ekfiota,F
26,17,9,24,9,24,22,26,20,9,Euhihineth,F
12,6,21,24,Gyri,F
25,16,22,24,Adni,F
8,19,8,24,26,Fofie,F
25,12,25,19,22,26,20,9,Agaoneth,F
26,20,22,19,17,21,24,Etnouri,F
25,18,21,22,24,3,25,Alrnika,F
25,24,22,19,14,26,26,Ainomee,F
3,26,2,22,26,Kewne,F
8,19,22,19,8,24,18,24,25,Fonofilia,F
8,19,22,19,22,26,Fonone,F
12,24,20,25,Gita,F
3,25,6,26,22,25,Kayena,F
26,16,24,24,18,26,Ediile,F
25,8,22,19,9,24,26,22,25,Afnohiena,F
26,18,25,Ela,F
26,9,19,6,24,Ehoyi,F
3,25,8,24,18,24,25,Kafilia,F
26,3,24,22,22,26,Ekinne,F
1,18,26,Zle,F
25,7,19,26,22,25,Aqoena,F
25,17,22,26,26,Aunee,F
12,19,24,3,25,Goika,F
25,13,21,22,26,20,9,Aprneth,F
26,8,18,24,25,Eflia,F
5,22,19,21,18,24,25,Xnorlia,F
15,24,26,18,26,22,25,Cielena,F
25,4,22,18,24,25,Ajnlia,F
26,19,14,26,26,Eomee,F
25,24,26,22,25,Aiena,F
26,11,22,19,21,24,14,26,26,Ebnorimee,F
25,4,24,3,25,Ajika,F
25,9,9,19,26,22,25,Ahhoena,F
15,24,22,25,Cina,F
17,2,18,21,24,Uwlri,F
25,9,26,18,14,26,26,Ahelmee,F
25,13,26,14,26,26,Apemee,F
26,22,24,25,Enia,F
26,19,26,18,26,22,26,Eoelene,F
25,21,6,22,25,Aryna,F
26,11,22,26,20,9,Ebneth,F
26,9,19,18,26,Ehole,F
15,19,26,Coe,F
12,26,24,22,20,25,Geinta,F
26,21,8,24,14,26,Erfime,F
3,24,18,24,25,Kilia,F
26,15,24,25,Ecia,F
25,3,25,24,24,25,Akaiia,F
15,17,8,2,21,24,Cufwri,F
5,22,25,Xna,F
15,19,9,24,26,22,25,Cohiena,F
15,19,22,25,Cona,F
25,3,18,21,24,26,26,Aklriee,F
25,1,22,25,Azna,F
26,22,26,18,22,26,Enelne,F
26,12,9,24,22,26,20,9,Eghineth,F
25,20,26,22,25,Atena,F
15,17,25,18,22,26,Cualne,F
25,18,21,2,24,3,25,Alrwika,F
26,6,6,21,24,Eyyri,F
26,11,8,17,23,25,Ebfusa,F
26,22,25,Ena,F
25,11,6,24,22,24,Abyini,F
8,24,19,6,24,22,26,Fioyine,F
25,8,26,18,14,24,Afelmi,F
26,19,21,24,21,21,24,Eorirri,F
3,17,19,22,24,Kuoni,F
25,23,22,18,23,25,Asnlsa,F
25,23,21,6,24,Asryi,F
26,10,22,19,26,26,Evnoee,F
26,17,8,22,22,24,Eufnni,F
26,15,9,19,24,22,25,Echoina,F
26,25,6,2,26,26,Eaywee,F
15,17,22,25,Cuna,F
12,25,24,23,25,Gaisa,F
26,10,26,18,14,26,26,Evelmee,F
15,26,26,26,26,Ceeee,F
3,25,8,22,24,Kafni,F
25,13,2,24,22,26,Apwine,F
19,25,18,24,25,Oalia,F
12,26,22,25,Gena,F
5,8,24,24,22,25,Xfiina,F
25,12,17,8,22,26,Agufne,F
26,24,14,8,24,24,22,25,Eimfiina,F
26,21,24,22,25,Erina,F
25,20,9,19,25,Athoa,F
12,17,9,19,6,22,26,Guhoyne,F
25,5,8,6,24,3,25,Axfyika,F
12,25,26,9,24,24,22,26,Gaehiine,F
12,6,25,Gya,F
17,22,24,Uni,F
6,20,25,Yta,F
3,24,6,8,22,26,Kiyfne,F
3,25,26,24,22,26,Kaeine,F
15,24,22,19,14,26,26,Cinomee,F
6,19,22,26,Yone,F
15,17,18,26,Cule,F
12,17,24,3,25,Guika,F
12,17,24,22,26,Guine,F
6,24,Yi,F
25,25,26,26,Aaee,F
3,6,18,24,25,Kylia,F
15,17,19,6,26,Cuoye,F
15,25,19,24,25,Caoia,F
26,16,19,6,24,Edoyi,F
8,24,22,26,Fine,F
6,23,25,Ysa,F
25,23,9,24,18,24,25,Ashilia,F
24,20,25,Ita,F
26,19,26,18,24,25,Eoelia,F
26,8,26,23,25,Efesa,F
3,6,8,9,24,22,26,20,9,Kyfhineth,F
15,6,22,19,24,3,25,Cynoika,F
25,7,26,25,24,22,25,Aqeaina,F
25,9,2,24,3,25,Ahwika,F
3,6,24,22,26,Kyine,F
25,3,25,9,19,25,Akahoa,F
25,23,24,22,25,Asina,F
26,11,26,18,18,24,25,Ebellia,F
26,12,19,8,24,21,24,Egofiri,F
5,21,24,24,3,25,Xriika,F
25,12,25,24,22,26,Againe,F
25,14,18,24,25,Amlia,F
3,6,21,24,18,22,26,20,9,Kyrilneth,F
25,19,24,8,18,26,Aoifle,F
25,11,17,22,25,Abuna,F
3,17,8,24,9,24,26,Kufihie,F
25,17,26,26,Auee,F
3,26,22,24,Keni,F
12,25,8,24,21,24,Gafiri,F
12,24,14,26,18,25,Gimela,F
26,20,9,24,24,22,25,Ethiina,F
19,24,22,26,Oine,F
26,16,18,24,25,Edlia,F
25,7,25,9,24,26,26,Aqahiee,F
25,1,23,25,Azsa,F
25,3,22,25,Akna,F
26,15,24,25,Ecia,F
25,21,26,Are,F
19,26,25,20,25,Oeata,F
26,17,21,24,17,22,24,Euriuni,F
25,12,25,24,22,25,Againa,F
12,26,8,14,24,Gefmi,F
26,4,24,Eji,F
26,15,24,25,Ecia,F
3,25,8,8,18,24,25,Kafflia,F
26,9,25,25,25,Ehaaa,F
12,24,24,22,26,Giine,F
15,26,24,22,26,Ceine,F
26,21,9,19,18,26,Erhole,F
15,25,21,26,18,24,25,Carelia,F
12,24,21,22,19,25,Girnoa,F
6,14,26,18,26,26,Ymelee,F
15,25,26,18,14,26,Caelme,F
25,13,26,18,26,Apele,F
8,26,9,19,8,24,14,26,26,Fehofimee,F
26,6,21,26,18,14,26,26,Eyrelmee,F
6,9,24,19,26,Yhioe,F
3,24,22,26,Kine,F
8,17,9,24,26,Fuhie,F
25,21,24,22,25,Arina,F
26,17,22,25,Euna,F
24,2,20,25,Iwta,F
26,20,17,2,18,24,25,Etuwlia,F
25,9,2,8,24,26,22,25,Ahwfiena,F
1,21,26,18,24,25,Zrelia,F
25,13,22,24,Apni,F
25,5,24,3,25,Axika,F
17,22,25,Una,F
26,3,14,26,Ekme,F
25,3,8,24,21,21,24,Akfirri,F
3,17,19,22,20,25,Kuonta,F
26,7,6,25,Eqya,F
25,14,22,24,Amni,F
8,24,18,24,Fili,F
12,24,24,25,Giia,F
26,3,21,24,Ekri,F
25,6,22,25,Ayna,F
26,25,22,22,19,26,Eannoe,F
26,13,24,22,26,Epine,F
26,20,26,Ete,F
8,6,14,26,26,26,Fymeee,F
3,6,18,24,25,Kylia,F
26,16,2,14,26,26,Edwmee,F
12,26,19,25,Geoa,F
26,11,26,18,24,22,25,Ebelina,F
12,19,18,25,24,25,Golaia,F
26,6,22,24,Eyni,F
26,13,22,19,18,26,Epnole,F
25,12,25,20,25,Agata,F
26,24,24,3,25,Eiika,F
26,9,8,14,26,26,Ehfmee,F
26,25,26,18,22,26,Eaelne,F
3,17,6,22,26,20,9,Kuyneth,F
25,12,24,8,22,25,Agifna,F
15,17,6,8,22,24,Cuyfni,F
26,22,26,18,24,25,Enelia,F
3,17,6,24,Kuyi,F
12,24,8,24,3,25,Gifika,F
3,6,14,26,26,Kymee,F
3,24,26,24,Kiei,F
25,12,24,3,25,Agika,F
26,21,26,26,26,Ereee,F
8,6,18,24,3,25,Fylika,F
26,15,18,24,25,Eclia,F
25,21,25,20,25,Arata,F
1,25,8,24,26,26,Zafiee,F
25,8,14,21,24,18,24,25,Afmrilia,F
26,22,8,24,18,26,Enfile,F
3,24,24,18,26,Kiile,F
15,6,14,26,26,Cymee,F
12,17,22,22,26,Gunne,F
26,13,22,26,22,25,Epnena,F
26,20,19,22,26,Etone,F
8,19,21,24,22,26,26,Forinee,F
3,25,26,Kae,F
12,24,25,26,26,Giaee,F
15,17,26,18,26,26,Cuelee,F
25,26,24,25,Aeia,F
15,19,17,25,Coua,F
15,6,22,25,Cyna,F
25,9,25,26,18,26,26,Ahaelee,F
26,9,24,25,24,22,25,Ehiaina,F
25,7,14,14,18,26,Aqmmle,F
25,22,6,18,22,24,Anylni,F
8,17,9,24,22,20,25,Fuhinta,F
26,11,26,26,Ebee,F
15,17,21,21,24,25,Curria,F
26,16,21,22,25,Edrna,F
12,25,17,20,25,Gauta,F
3,26,6,25,22,24,Keyani,F
25,18,22,25,Alna,F
25,5,26,21,24,26,22,25,Axeriena,F
26,9,23,25,Ehsa,F
8,26,14,26,26,Femee,F
26,11,22,19,18,26,Ebnole,F
26,17,21,24,Euri,F
26,23,20,25,Esta,F
8,25,22,21,24,26,22,25,Fanriena,F
26,16,24,18,26,Edile,F
26,10,8,24,9,19,26,Evfihoe,F
26,23,20,25,Esta,F
12,6,22,22,26,20,9,Gynneth,F
26,14,26,22,25,Emena,F
26,22,26,20,9,Eneth,F
8,25,24,22,25,Faina,F
25,22,25,22,26,Anane,F
6,17,24,3,25,Yuika,F
15,6,19,8,24,24,22,26,Cyofiine,F
15,19,22,19,22,26,20,9,Cononeth,F
15,26,8,24,18,26,Cefile,F
8,6,22,26,20,9,Fyneth,F
26,4,19,18,24,25,Ejolia,F
26,13,19,8,24,20,25,Epofita,F
25,15,8,24,24,Acfii,F
8,26,24,3,25,Feika,F
8,26,8,24,24,3,25,Fefiika,F
25,21,24,21,24,Ariri,F
26,3,25,9,24,24,Ekahii,F
25,20,24,17,23,25,Atiusa,F
17,22,26,Une,F
8,24,18,21,24,22,26,Filrine,F
12,26,22,19,24,3,25,Genoika,F
15,24,21,24,24,22,25,Ciriina,F
26,16,22,26,Edne,F
24,24,Ii,F
8,19,21,24,20,25,Forita,F
26,24,17,14,26,22,25,Eiumena,F
25,22,25,Ana,F
25,3,9,24,24,22,25,Akhiina,F
26,11,8,24,26,18,24,22,26,Ebfieline,F
15,24,8,24,21,24,Cifiri,F
8,26,26,18,8,24,26,22,25,Feelfiena,F
17,8,24,18,24,25,Ufilia,F
26,17,14,26,18,26,22,25,Eumelena,F
19,8,18,14,26,26,Oflmee,F
25,6,18,24,25,Aylia,F
25,24,26,6,26,26,Aieyee,F
25,13,22,8,24,24,22,25,Apnfiina,F
26,17,17,25,24,3,25,Euuaika,F
25,17,9,24,22,24,Auhini,F
26,6,8,24,9,24,24,Eyfihii,F
26,23,24,25,Esia,F
15,24,9,24,24,22,25,Cihiina,F
25,21,25,22,26,20,9,Araneth,F
25,19,2,18,24,25,Aowlia,F
25,5,26,22,25,Axena,F
26,20,17,19,23,25,Etuosa,F
8,6,26,26,Fyee,F
25,21,21,18,26,Arrle,F
8,6,26,22,25,Fyena,F
26,24,8,26,26,Eifee,F
26,4,18,24,25,Ejlia,F
6,21,24,Yri,F
12,26,19,18,24,25,Geolia,F
25,15,2,6,26,Acwye,F
26,24,21,24,2,22,26,20,9,Eiriwneth,F
25,25,26,18,22,24,Aaelni,F
26,25,22,19,25,20,25,Eanoata,F
12,25,24,18,22,26,Gailne,F
25,5,22,22,24,Axnni,F
1,21,24,22,25,Zrina,F
12,24,25,17,14,26,26,Giaumee,F
26,14,22,24,24,22,25,Emniina,F
3,24,24,18,24,25,Kiilia,F
3,26,21,24,24,25,Keriia,F
15,6,6,9,19,22,26,20,9,Cyyhoneth,F
26,15,24,Eci,F
26,3,9,24,22,24,Ekhini,F
25,8,18,24,25,Aflia,F
26,7,21,24,Eqri,F
26,20,19,9,24,22,26,Etohine,F
25,26,8,2,18,26,Aefwle,F
15,17,21,22,24,Curni,F
25,25,23,25,Aasa,F
25,15,26,18,8,23,25,Acelfsa,F
8,25,23,25,Fasa,F
26,14,24,Emi,F
25,20,24,24,25,Atiia,F
26,10,22,25,Evna,F
8,19,24,25,Foia,F
26,23,22,19,9,19,22,26,Esnohone,F
26,10,24,Evi,F
25,4,9,19,24,22,25,Ajhoina,F
6,21,26,22,26,Yrene,F
26,25,17,22,25,Eauna,F
8,6,19,14,26,22,25,Fyomena,F
26,4,22,21,24,26,26,Ejnriee,F
26,4,8,26,18,20,25,Ejfelta,F
26,12,19,18,26,Egole,F
25,8,26,26,Afee,F
12,24,24,Gii,F
25,8,18,9,19,21,24,Aflhori,F
26,12,22,24,Egni,F
26,12,22,19,22,26,Egnone,F
26,10,21,24,26,22,25,Evriena,F
26,17,24,22,26,Euine,F
26,14,22,26,Emne,F
15,17,18,22,24,Culni,F
8,17,21,24,21,23,25,Furirsa,F
17,21,24,24,25,Uriia,F
25,4,9,19,18,26,Ajhole,F
8,24,24,25,21,24,Fiiari,F
25,13,18,23,25,Aplsa,F
25,18,9,24,21,24,22,25,Alhirina,F
8,17,23,25,Fusa,F
26,9,8,22,26,22,25,Ehfnena,F
25,15,25,17,26,22,25,Acauena,F
25,16,2,18,22,24,Adwlni,F
12,17,19,6,23,25,Guoysa,F
15,19,2,21,24,21,24,Cowriri,F
8,17,24,25,Fuia,F
26,8,6,22,24,Efyni,F
24,18,26,26,22,25,Ileena,F
26,15,17,26,18,26,26,Ecuelee,F
25,11,26,26,Abee,F
26,4,14,14,22,25,Ejmmna,F
3,24,26,Kie,F
15,17,26,24,Cuei,F
26,7,25,Eqa,F
25,21,26,26,24,Areei,F
26,17,9,19,19,20,25,Euhoota,F
26,8,19,18,26,Efole,F
26,24,14,24,Eimi,F
12,25,8,24,24,22,26,Gafiine,F
25,25,26,26,Aaee,F
3,24,17,8,24,21,24,Kiufiri,F
25,17,8,22,26,22,25,Aufnena,F
26,18,22,19,24,25,Elnoia,F
8,24,23,25,Fisa,F
25,1,24,22,25,Azina,F
25,12,19,6,24,Agoyi,F
25,10,17,26,26,Avuee,F
3,6,18,26,18,24,Kyleli,F
25,25,26,26,Aaee,F
26,25,24,22,26,Eaine,F
15,25,24,22,25,Caina,F
3,19,8,24,22,26,Kofine,F
12,19,20,25,Gota,F
26,17,9,24,26,18,24,22,26,Euhieline,F
25,8,19,21,24,21,24,Aforiri,F
15,19,18,22,19,24,22,25,Colnoina,F
25,10,25,Ava,F
26,23,18,26,Esle,F
26,12,19,9,24,18,24,25,Egohilia,F
25,15,22,26,Acne,F
26,1,9,24,21,24,3,25,Ezhirika,F
26,10,18,18,26,Evlle,F
26,16,21,18,24,25,Edrlia,F
25,24,18,22,26,Ailne,F
3,25,24,22,26,Kaine,F
25,20,26,22,25,Atena,F
12,24,18,17,20,25,Giluta,F
25,19,24,19,18,24,25,Aoiolia,F
25,16,9,24,21,24,24,3,25,Adhiriika,F
3,24,26,20,25,Kieta,F
25,4,14,26,14,26,26,Ajmemee,F
25,8,20,25,Afta,F
15,26,22,14,26,26,Cenmee,F
25,17,14,26,26,Aumee,F
12,25,18,26,Gale,F
26,15,8,24,22,26,Ecfine,F
25,6,8,22,19,24,22,25,Ayfnoina,F
15,6,21,2,22,26,Cyrwne,F
15,26,8,22,25,Cefna,F
3,19,9,19,8,21,24,Kohofri,F
25,24,9,24,26,Aihie,F
12,25,18,17,22,25,Galuna,F
26,22,22,26,20,9,Enneth,F
25,13,18,24,25,Aplia,F
8,17,9,24,25,22,24,Fuhiani,F
25,1,25,26,18,25,Azaela,F
25,8,18,25,22,26,Aflane,F
25,9,8,24,21,24,18,24,25,Ahfirilia,F
8,6,2,26,Fywe,F
26,21,8,24,22,26,Erfine,F
25,6,26,18,6,22,26,Ayelyne,F
26,22,24,22,25,Enina,F
26,1,24,22,25,Ezina,F
26,24,21,18,26,Eirle,F
26,11,22,26,26,Ebnee,F
26,13,22,26,20,9,Epneth,F
25,9,14,21,24,14,26,26,Ahmrimee,F
25,13,14,26,26,Apmee,F
25,24,17,8,26,22,25,Aiufena,F
3,24,2,26,Kiwe,F
26,21,22,26,20,9,Erneth,F
26,14,9,24,25,24,22,26,Emhiaine,F
26,3,18,22,25,Eklna,F
12,26,8,14,24,3,25,Gefmika,F
12,24,19,18,18,24,25,Giollia,F
25,8,8,8,22,26,Afffne,F
25,16,25,23,25,Adasa,F
25,24,17,9,24,20,25,Aiuhita,F
26,10,9,24,8,26,Evhife,F
26,19,17,25,21,24,Eouari,F
17,8,24,9,24,22,26,20,9,Ufihineth,F
3,19,23,25,Kosa,F
25,10,26,18,22,25,Avelna,F
25,8,21,24,26,22,25,Afriena,F
8,24,26,22,25,Fiena,F
25,1,18,26,Azle,F
26,7,6,6,22,25,Eqyyna,F
26,6,9,24,21,24,18,26,Eyhirile,F
12,19,8,26,18,24,25,Gofelia,F
8,19,14,21,24,22,26,Fomrine,F
25,17,20,25,Auta,F
12,19,8,24,19,18,24,25,Gofiolia,F
26,13,17,20,25,Eputa,F
8,26,8,24,22,24,Fefini,F
26,4,14,25,Ejma,F
25,8,14,24,Afmi,F
15,24,22,24,Cini,F
8,26,22,18,26,Fenle,F
12,26,24,21,22,26,20,9,Geirneth,F
12,25,14,8,22,25,Gamfna,F
26,9,14,14,26,26,Ehmmee,F
25,11,22,18,24,25,Abnlia,F
3,19,17,24,3,25,Kouika,F
25,4,26,8,24,26,22,25,Ajefiena,F
15,25,24,22,25,Caina,F
3,17,22,19,26,24,25,Kunoeia,F
26,14,21,24,Emri,F
12,25,8,24,25,22,25,Gafiana,F
25,13,9,24,21,26,26,Aphiree,F
26,18,14,19,24,22,25,Elmoina,F
25,15,25,24,25,Acaia,F
15,19,6,25,Coya,F
25,8,22,24,22,25,Afnina,F
26,25,19,26,Eaoe,F
26,21,26,2,21,24,Erewri,F
26,18,22,26,Elne,F
12,24,26,18,18,26,Gielle,F
25,11,21,24,8,22,24,Abrifni,F
26,8,24,22,25,Efina,F
25,19,22,19,26,26,22,25,Aonoeena,F
26,9,8,24,25,Ehfia,F
12,6,8,24,6,26,22,25,Gyfiyena,F
12,6,22,25,Gyna,F
12,25,18,26,Gale,F
25,12,14,9,24,14,26,26,Agmhimee,F
6,9,19,26,18,22,24,Yhoelni,F
1,22,18,26,Znle,F
5,8,8,22,26,20,9,Xffneth,F
26,9,21,24,Ehri,F
15,6,9,24,21,24,26,26,Cyhiriee,F
26,14,26,18,22,22,24,Emelnni,F
5,14,26,26,Xmee,F
26,8,2,24,22,25,Efwina,F
12,25,18,21,24,Galri,F
25,4,9,24,22,25,Ajhina,F
17,6,17,18,24,25,Uyulia,F
3,26,24,25,Keia,F
25,26,8,24,24,22,26,Aefiine,F
25,8,20,25,Afta,F
26,12,26,18,21,24,Egelri,F
26,17,20,25,Euta,F
1,25,Za,F
17,9,19,22,25,Uhona,F
26,15,24,22,25,Ecina,F
15,26,26,22,25,Ceena,F
26,16,20,25,Edta,F
25,5,18,24,25,Axlia,F
15,6,19,21,24,Cyori,F
26,15,26,18,8,14,26,26,Ecelfmee,F
6,9,19,24,21,24,Yhoiri,F
12,25,20,25,Gata,F
17,6,21,22,25,Uyrna,F
12,26,9,19,14,18,24,25,Gehomlia,F
3,19,19,22,19,18,24,25,Koonolia,F
26,10,9,24,24,Evhii,F
3,25,9,19,25,Kahoa,F
25,22,6,18,24,25,Anylia,F
12,6,18,26,Gyle,F
25,7,6,24,22,26,Aqyine,F
26,23,21,24,Esri,F
26,12,18,24,25,Eglia,F
26,18,25,2,20,25,Elawta,F
3,6,2,17,24,3,25,Kywuika,F
26,22,18,25,Enla,F
25,21,26,26,Aree,F
26,9,17,14,26,26,Ehumee,F
25,23,14,26,26,Asmee,F
26,23,25,26,Esae,F
19,18,19,20,25,Olota,F
15,24,18,2,24,22,26,Cilwine,F
25,14,26,18,25,Amela,F
25,14,21,24,21,25,Amrira,F
15,25,20,25,Cata,F
15,17,21,19,22,24,Curoni,F
26,21,26,26,Eree,F
26,3,9,24,26,Ekhie,F
26,20,25,26,26,Etaee,F
25,23,25,22,26,Asane,F
12,19,22,19,17,18,24,25,Gonoulia,F
25,24,3,25,Aika,F
25,13,26,18,22,26,20,9,Apelneth,F
26,24,9,19,22,26,20,9,Eihoneth,F
26,12,8,18,23,25,Egflsa,F
12,17,21,24,24,Gurii,F
26,4,8,22,24,Ejfni,F
26,7,9,19,17,22,25,Eqhouna,F
17,2,26,26,Uwee,F
26,9,8,24,17,23,25,Ehfiusa,F
26,22,20,25,Enta,F
6,19,26,18,26,Yoele,F
25,19,17,14,26,26,Aoumee,F
26,13,22,26,Epne,F
25,3,8,24,22,25,Akfina,F
15,25,14,22,26,Camne,F
8,17,24,22,26,Fuine,F
8,19,22,18,20,25,Fonlta,F
8,6,9,19,25,Fyhoa,F
26,20,21,24,21,23,25,Etrirsa,F
15,6,20,25,Cyta,F
3,19,22,26,Kone,F
1,24,9,24,21,24,Zihiri,F
26,18,9,24,25,Elhia,F
25,18,9,24,2,22,26,20,9,Alhiwneth,F
25,9,14,17,24,25,Ahmuia,F
26,25,24,3,25,Eaika,F
12,26,14,26,26,Gemee,F
25,6,24,25,Ayia,F
25,24,25,18,22,24,Aialni,F
26,11,21,24,18,26,Ebrile,F
12,17,26,Gue,F
26,6,21,24,25,24,22,25,Eyriaina,F
25,12,26,18,24,25,Agelia,F
25,13,26,22,25,Apena,F
25,20,22,19,18,24,25,Atnolia,F
26,4,26,18,8,25,Ejelfa,F
26,25,26,18,14,21,24,Eaelmri,F
26,23,19,24,22,25,Esoina,F
25,18,18,26,Alle,F
12,25,20,25,Gata,F
19,21,24,Ori,F
25,18,24,19,18,24,25,Aliolia,F
25,22,19,8,24,24,25,Anofiia,F
19,9,19,8,24,26,22,25,Ohofiena,F
15,6,21,24,26,26,Cyriee,F
25,14,8,21,24,Amfri,F
26,15,21,23,25,Ecrsa,F
3,6,22,26,Kyne,F
25,8,8,8,24,24,Afffii,F
26,24,21,9,24,24,22,25,Eirhiina,F
25,5,21,24,26,24,22,26,Axrieine,F
25,17,23,25,Ausa,F
3,19,26,18,19,24,25,Koeloia,F
12,6,8,24,22,26,Gyfine,F
3,25,8,25,26,Kafae,F
3,17,21,24,8,24,26,26,Kurifiee,F
25,8,19,18,26,Afole,F
25,7,23,25,Aqsa,F
3,26,9,19,22,24,Kehoni,F
15,17,22,26,20,9,Cuneth,F
12,25,26,26,Gaee,F
12,25,25,Gaa,F
3,17,23,25,Kusa,F
25,16,18,26,Adle,F
26,16,6,17,24,22,25,Edyuina,F
15,24,26,Cie,F
6,25,Ya,F
3,24,9,19,9,19,25,Kihohoa,F
26,1,25,14,22,25,Ezamna,F
26,15,22,19,22,24,Ecnoni,F
5,14,24,3,25,Xmika,F
25,13,22,21,21,24,Apnrri,F
25,25,22,25,Aana,F
15,19,8,14,21,24,Cofmri,F
8,25,14,6,23,25,Famysa,F
12,17,22,26,Gune,F
8,19,8,24,18,24,25,Fofilia,F
25,18,25,6,18,26,Alayle,F
25,22,8,24,Anfi,F
26,4,8,24,6,22,25,Ejfiyna,F
3,25,14,22,26,20,9,Kamneth,F
15,24,19,21,24,Ciori,F
8,6,22,25,Fyna,F
25,9,8,22,24,Ahfni,F
26,15,14,26,26,Ecmee,F
12,25,22,19,17,24,Ganoui,F
8,25,6,24,25,Fayia,F
25,14,18,2,24,22,25,Amlwina,F
25,22,25,Ana,F
26,6,20,25,Eyta,F
25,15,26,26,Acee,F
26,19,25,6,21,24,Eoayri,F
26,3,25,21,26,26,Ekaree,F
8,19,9,19,22,26,Fohone,F
3,24,24,3,25,Kiika,F
26,16,6,24,22,26,Edyine,F
5,24,Xi,F
26,11,24,24,Ebii,F
26,18,26,Ele,F
25,17,26,26,26,Aueee,F
15,25,8,22,24,Cafni,F
5,26,18,18,24,25,Xellia,F
12,24,18,23,25,Gilsa,F
26,1,26,26,Ezee,F
26,19,22,25,Eona,F
5,19,24,3,25,Xoika,F
12,26,24,25,Geia,F
26,26,18,20,25,Eelta,F
6,25,24,Yai,F
15,24,26,19,22,26,Cieone,F
1,22,24,Zni,F
26,7,9,24,8,18,24,25,Eqhiflia,F
25,4,26,9,19,24,Ajehoi,F
5,17,18,26,Xule,F
3,25,6,24,25,Kayia,F
15,6,22,19,22,26,Cynone,F
26,9,21,24,18,24,25,Ehrilia,F
26,6,21,24,26,24,3,25,Eyrieika,F
8,24,22,6,24,Finyi,F
25,15,25,Aca,F
25,21,21,24,19,26,22,25,Arrioena,F
12,6,18,24,25,Gylia,F
1,22,24,22,26,Znine,F
15,25,18,9,24,22,25,Calhina,F
19,9,19,24,3,25,Ohoika,F
6,24,22,26,Yine,F
17,24,22,25,Uina,F
25,19,22,24,Aoni,F
25,11,22,24,Abni,F
8,6,6,6,26,Fyyye,F
25,19,14,18,26,Aomle,F
26,12,22,24,Egni,F
3,6,22,18,14,26,26,Kynlmee,F
25,22,26,22,25,Anena,F
25,14,19,19,26,22,25,Amooena,F
3,6,6,25,Kyya,F
25,16,2,24,22,25,Adwina,F
26,20,26,20,25,Eteta,F
26,16,23,25,Edsa,F
24,22,26,Ine,F
25,18,6,8,23,25,Alyfsa,F
15,25,24,22,25,Caina,F
25,7,17,26,26,Aquee,F
3,17,26,14,26,26,Kuemee,F
26,17,21,24,24,22,26,Euriine,F
26,14,9,24,23,25,Emhisa,F
25,17,26,18,24,3,25,Auelika,F
26,15,26,22,25,Ecena,F
8,26,22,26,20,9,Feneth,F
12,19,24,22,26,Goine,F
26,22,24,Eni,F
17,26,18,6,22,24,Uelyni,F
26,15,21,24,24,24,22,25,Ecriiina,F
12,25,24,23,25,Gaisa,F
12,17,18,26,22,25,Gulena,F
25,15,26,18,24,25,Acelia,F
26,16,26,18,19,24,22,25,Edeloina,F
25,10,26,Ave,F
25,10,21,22,26,26,Avrnee,F
26,9,19,25,Ehoa,F
26,3,8,24,22,26,Ekfine,F
25,16,18,22,26,22,25,Adlnena,F
25,21,18,14,26,26,Arlmee,F
15,26,24,18,24,25,Ceilia,F
25,9,18,14,26,26,Ahlmee,F
19,25,14,26,26,Oamee,F
19,26,26,Oee,F
12,6,22,19,24,22,26,Gynoine,F
26,17,6,2,24,22,26,Euywine,F
26,10,22,26,24,25,Evneia,F
19,22,26,One,F
5,26,22,25,Xena,F
26,1,26,21,24,Ezeri,F
26,22,26,18,21,24,Enelri,F
8,26,9,19,26,Fehoe,F
26,19,21,24,21,24,14,26,26,Eoririmee,F
26,6,18,26,Eyle,F
15,6,9,19,6,22,25,Cyhoyna,F
25,24,9,19,22,24,Aihoni,F
25,6,26,18,8,24,22,26,Ayelfine,F
25,12,21,24,24,Agrii,F
25,11,22,24,25,Abnia,F
3,25,26,8,24,24,22,26,Kaefiine,F
3,24,8,22,24,Kifni,F
26,20,22,24,3,25,Etnika,F
8,19,24,22,26,Foine,F
3,6,23,25,Kysa,F
26,21,8,8,24,24,3,25,Erffiika,F
15,25,18,26,Cale,F
15,26,21,24,22,26,Cerine,F
25,26,9,24,24,22,25,Aehiina,F
25,26,21,24,8,24,26,22,25,Aerifiena,F
25,20,26,22,24,25,Atenia,F
26,7,22,26,Eqne,F
15,17,21,24,18,20,25,Curilta,F
25,20,25,19,21,24,Ataori,F
25,16,9,19,23,25,Adhosa,F
25,26,26,26,Aeee,F
25,7,8,24,24,3,25,Aqfiika,F
25,12,25,26,18,14,26,26,Agaelmee,F
12,25,26,18,9,24,26,22,25,Gaelhiena,F
26,17,22,26,Eune,F
25,12,8,25,Agfa,F
26,17,22,26,Eune,F
26,6,19,21,24,25,Eyoria,F
3,26,24,22,26,Keine,F
25,3,22,26,20,9,Akneth,F
26,23,25,Esa,F
25,18,21,24,Alri,F
25,26,26,18,25,25,Aeelaa,F
17,6,22,19,26,Uynoe,F
19,8,24,17,24,3,25,Ofiuika,F
8,6,8,24,24,24,22,25,Fyfiiina,F
25,1,18,24,Azli,F
26,23,17,22,26,Esune,F
3,26,2,23,25,Kewsa,F
12,26,19,14,26,26,Geomee,F
26,13,25,Epa,F
26,17,21,24,26,18,26,22,25,Eurielena,F
25,3,18,22,26,Aklne,F
26,12,24,22,26,20,9,Egineth,F
15,24,25,17,20,25,Ciauta,F
15,6,24,22,25,Cyina,F
26,17,24,22,25,Euina,F
25,10,9,24,21,21,24,Avhirri,F
26,19,9,19,24,26,22,25,Eohoiena,F
26,25,24,21,18,24,25,Eairlia,F
26,21,24,25,Eria,F
25,8,22,25,Afna,F
12,24,6,26,18,24,Giyeli,F
26,4,22,26,20,9,Ejneth,F
26,9,22,19,19,20,25,Ehnoota,F
25,23,22,26,20,9,Asneth,F
26,22,21,24,Enri,F
25,20,17,8,24,25,Atufia,F
8,25,22,19,18,22,25,Fanolna,F
15,26,22,26,20,9,Ceneth,F
26,23,26,18,25,Esela,F
15,6,21,24,Cyri,F
25,4,23,25,Ajsa,F
26,4,8,14,26,22,25,Ejfmena,F
17,26,18,24,25,Uelia,F
25,21,17,23,25,Arusa,F
26,9,22,19,22,26,Ehnone,F
26,23,24,25,24,25,Esiaia,F
3,24,26,22,25,Kiena,F
26,12,19,24,22,25,Egoina,F
15,25,14,21,24,Camri,F
25,3,2,25,20,25,Akwata,F
26,14,21,24,Emri,F
25,17,19,2,14,26,26,Auowmee,F
26,25,14,2,22,25,Eamwna,F
26,11,20,25,Ebta,F
25,9,24,22,26,Ahine,F
3,26,22,19,24,22,25,Kenoina,F
15,19,25,Coa,F
26,13,25,26,26,Epaee,F
26,16,25,Eda,F
8,6,22,19,6,24,22,26,Fynoyine,F
15,24,17,25,21,24,Ciuari,F
26,9,20,25,Ehta,F
8,19,17,18,26,Foule,F
12,6,25,Gya,F
25,11,2,8,24,18,26,Abwfile,F
8,19,24,3,25,Foika,F
3,6,18,6,24,3,25,Kylyika,F
25,5,26,18,17,24,3,25,Axeluika,F
3,19,24,25,Koia,F
15,19,26,22,26,20,9,Coeneth,F
25,6,2,22,26,20,9,Aywneth,F
26,4,24,18,26,26,Ejilee,F
25,17,26,18,24,22,25,Auelina,F
17,19,22,26,20,9,Uoneth,F
3,25,24,Kai,F
8,17,17,26,Fuue,F
12,19,9,19,8,22,26,Gohofne,F
25,13,26,23,25,Apesa,F
26,20,23,25,Etsa,F
3,6,8,24,26,Kyfie,F
25,7,2,25,18,24,25,Aqwalia,F
25,5,24,3,25,Axika,F
25,14,22,19,19,22,26,Amnoone,F
12,26,18,23,25,Gelsa,F
8,17,26,Fue,F
25,11,22,19,26,22,26,Abnoene,F
25,10,9,19,14,26,26,Avhomee,F
25,22,20,25,Anta,F
8,25,19,18,26,Faole,F
26,10,9,24,24,22,25,Evhiina,F
25,13,22,26,Apne,F
26,17,25,22,19,24,22,26,Euanoine,F
26,9,21,24,Ehri,F
26,12,24,22,26,Egine,F
15,17,22,19,18,24,Cunoli,F
26,8,26,20,25,Efeta,F
26,19,21,26,Eore,F
25,11,6,9,19,22,24,Abyhoni,F
12,6,26,22,25,Gyena,F
25,25,24,25,Aaia,F
25,11,8,24,2,26,Abfiwe,F
12,25,26,18,24,22,25,Gaelina,F
26,3,26,Eke,F
25,19,19,18,22,24,Aoolni,F
3,24,24,24,25,Kiiia,F
3,25,22,24,Kani,F
8,6,8,24,26,18,26,Fyfiele,F
26,7,26,18,22,25,Eqelna,F
15,17,26,26,Cuee,F
15,6,26,26,Cyee,F
8,19,21,24,22,24,3,25,Forinika,F
3,19,14,26,26,Komee,F
25,20,21,24,24,Atrii,F
12,26,14,2,26,22,25,Gemwena,F
26,18,8,24,21,24,Elfiri,F
26,17,14,24,22,26,Eumine,F
25,24,20,25,Aita,F
26,25,18,26,Eale,F
8,6,21,25,24,Fyrai,F
25,6,24,22,26,Ayine,F
25,23,24,22,24,Asini,F
25,17,24,Aui,F
25,26,24,22,26,Aeine,F
25,6,21,6,24,22,25,Ayryina,F
15,24,14,26,26,Cimee,F
25,4,26,Aje,F
25,1,26,18,6,23,25,Azelysa,F
15,17,24,Cui,F
26,8,24,3,25,Efika,F
8,24,26,18,22,19,24,25,Fielnoia,F
6,26,21,22,26,20,9,Yerneth,F
8,17,22,25,Funa,F
15,26,2,18,24,25,Cewlia,F
25,22,19,26,26,Anoee,F
25,1,22,9,19,26,26,Aznhoee,F
15,19,22,19,26,Conoe,F
25,16,8,25,18,24,25,Adfalia,F
25,20,24,3,25,Atika,F
26,23,26,18,24,22,25,Eselina,F
25,26,24,25,Aeia,F
26,19,26,Eoe,F
26,20,26,18,22,26,Etelne,F
25,13,21,24,18,24,3,25,Aprilika,F
26,8,22,24,Efni,F
25,11,21,24,Abri,F
6,22,26,22,25,Ynena,F
25,11,22,26,20,9,Abneth,F
26,22,8,6,18,24,25,Enfylia,F
25,22,26,26,Anee,F
25,4,24,Aji,F
3,25,9,24,22,24,Kahini,F
25,8,24,18,26,Afile,F
25,17,24,8,24,26,Auifie,F
25,16,22,18,24,25,Adnlia,F
12,19,26,24,3,25,Goeika,F
17,22,19,26,26,Unoee,F
25,18,21,24,20,25,Alrita,F
25,1,21,18,22,24,Azrlni,F
25,15,9,24,17,24,3,25,Achiuika,F
26,6,25,6,23,25,Eyaysa,F
26,8,24,8,24,Efifi,F
3,25,26,Kae,F
25,19,8,25,24,25,Aofaia,F
15,24,9,19,14,26,26,Cihomee,F
26,20,24,22,26,Etine,F
5,17,24,22,25,Xuina,F
26,7,22,24,Eqni,F
26,6,18,14,20,25,Eylmta,F
3,17,17,21,21,24,Kuurri,F
26,13,21,24,Epri,F
25,19,26,Aoe,F
26,4,9,24,26,18,26,22,25,Ejhielena,F
25,26,26,Aee,F
26,15,9,24,18,24,25,Echilia,F
26,3,22,24,Ekni,F
12,6,25,22,24,Gyani,F
26,8,9,24,18,26,22,25,Efhilena,F
3,19,9,24,24,22,25,Kohiina,F
25,18,26,Ale,F
25,24,9,19,22,19,24,22,26,Aihonoine,F
26,9,26,Ehe,F
