Ab,,,inn,Abinn,M,1
Em,f,,tun,Emftun,M,0
Aj,,,dar,Ajdar,M,1
E,,,dar,Edar,M,1
Fe,,,don,Fedon,M,1
Ao,,,r,Aor,M,1
Ap,l,l,dar,Aplldar,M,0
Az,,,ish,Azish,M,1
Er,ri,a,ul,Erriaul,M,1
Cy,n,m,dar,Cynmdar,M,1
Co,a,,thul,Coathul,M,1
E,,,dun,Edun,M,1
Fy,r,n,ul,Fyrnul,M,1
Eg,n,u,n,Egnun,M,1
Eu,hi,,ar,Euhiar,M,1
Ay,w,,r,Aywr,M,0
Ka,u,,tun,Kautun,M,1
At,,,ul,Atul,M,1
Ki,,,dir,Kidir,M,1
Cu,,,n,Cun,M,0
Eq,u,n,r,Equnr,M,1
Ce,,,don,Cedon,M,1
Ej,y,,um,Ejyum,M,1
X,u,,ur,Xuur,M,0
Ev,ri,ri,ar,Evririar,M,0
Go,l,o,ur,Golour,M,1
Ci,n,,l,Cinl,M,0
E,ri,,ar,Eriar,M,1
O,a,,ish,Oaish,M,0
Et,,,dir,Etdir,M,1
Ax,fi,ri,tun,Axfiritun,M,0
Ah,,,ar,Ahar,M,1
As,,,ur,Asur,M,1
Ec,n,i,nar,Ecninar,M,1
Al,a,no,ish,Alanoish,M,1
Ku,ri,y,esh,Kuriyesh,M,0
An,ho,no,don,Anhonodon,M,0
Ed,e,u,nar,Edeunar,M,1
Eo,a,,ur,Eoaur,M,1
Ar,u,,dun,Arudun,M,1
O,e,,un,Oeun,M,1
As,,,n,Asn,M,0
As,el,,ur,Aselur,M,1
Y,ho,,dar,Yhodar,M,1
Ar,o,no,in,Aronoin,M,1
Ev,l,,dun,Evldun,M,1
U,,,l,Ul,M,0
Ga,ho,,dir,Gahodir,M,1
Ku,m,el,ar,Kumelar,M,1
X,n,e,dun,Xnedun,M,0
At,a,el,r,Ataelr,M,1
Ki,,,ish,Kiish,M,0
Ap,i,,ish,Apiish,M,0
Et,w,,thul,Etwthul,M,0
At,,,n,Atn,M,0
Ar,el,,tun,Areltun,M,1
Aq,,,r,Aqr,M,0
Au,i,,inn,Auiinn,M,0
I,,,esh,Iesh,M,1
Ea,hi,a,um,Eahiaum,M,0
Ar,u,,n,Arun,M,1
Eu,,,ish,Euish,M,1
Ko,ri,hi,ish,Korihiish,M,0
Ec,n,,thul,Ecnthul,M,0
Eg,e,el,ar,Egeelar,M,0
I,w,u,dar,Iwudar,M,1
A,o,,nar,Aonar,M,1
Ku,w,,ar,Kuwar,M,1
Ci,ri,,um,Cirium,M,1
Au,ho,i,ul,Auhoiul,M,0
Es,a,,nar,Esanar,M,1
Ap,u,,don,Apudon,M,1
E,,,ar,Ear,M,0
Go,hi,,esh,Gohiesh,M,1
Ax,,,esh,Axesh,M,1
Ga,ho,i,esh,Gahoiesh,M,0
Ah,o,,l,Ahol,M,1
O,i,i,nar,Oiinar,M,0
Au,no,,um,Aunoum,M,1
Ep,n,e,ish,Epneish,M,0
E,y,w,r,Eywr,M,1
Cy,,,esh,Cyesh,M,1
Eg,fi,fi,ul,Egfifiul,M,0
Ky,e,f,esh,Kyefesh,M,1
Al,,,dun,Aldun,M,1
U,n,,r,Unr,M,0
Ak,ri,f,un,Akrifun,M,1
Et,,,dun,Etdun,M,1
Aa,l,,tun,Aaltun,M,1
Fe,,,dir,Fedir,M,1
Ab,,,esh,Abesh,M,1
A,i,,dun,Aidun,M,1
Ko,e,,ar,Koear,M,1
Ki,fi,n,dir,Kifindir,M,1
Gi,f,f,dun,Giffdun,M,1
U,y,,ul,Uyul,M,1
Fy,,,ar,Fyar,M,1
Ke,,,un,Keun,M,1
Ky,f,,in,Kyfin,M,1
U,,,r,Ur,M,0
Aa,,,tun,Aatun,M,1
Ky,,,in,Kyin,M,1
Ar,y,m,dar,Arymdar,M,1
Cu,i,,dir,Cuidir,M,1
Eg,y,,dun,Egydun,M,1
Ek,,,ish,Ekish,M,1
O,ri,a,ul,Oriaul,M,1
Af,ri,,ar,Afriar,M,1
Y,ri,o,ar,Yrioar,M,1
El,f,y,nar,Elfynar,M,1
I,u,,al,Iual,M,1
Ea,e,,ar,Eaear,M,0
Ag,o,,r,Agor,M,1
At,,,r,Atr,M,0
Ky,i,a,ul,Kyiaul,M,1
Cy,,,ar,Cyar,M,1
Ce,ho,y,un,Cehoyun,M,1
O,a,,nar,Oanar,M,1
Ki,,,ar,Kiar,M,1
Ar,m,l,ish,Armlish,M,1
Z,,,nar,Znar,M,1
Ae,l,,al,Aelal,M,1
Ca,y,el,ar,Cayelar,M,1
Ar,y,,inn,Aryinn,M,1
Ea,e,,um,Eaeum,M,0
Ca,y,f,don,Cayfdon,M,1
Ga,r,,n,Garn,M,1
Ki,,,ish,Kiish,M,0
Eu,el,w,r,Euelwr,M,0
Af,i,el,ur,Afielur,M,1
Eq,,,in,Eqin,M,1
Z,o,,ish,Zoish,M,1
Ez,l,,inn,Ezlinn,M,1
Ek,,,um,Ekum,M,1
Ev,no,,don,Evnodon,M,1
Ao,o,,ar,Aooar,M,0
Ae,,,un,Aeun,M,1
Am,i,e,al,Amieal,M,1
Eh,,,r,Ehr,M,1
Ey,r,,tun,Eyrtun,M,1
Ai,fi,,un,Aifiun,M,1
Aa,,,ar,Aaar,M,0
Aq,i,,ar,Aqiar,M,1
Fi,,,ar,Fiar,M,1
Af,,,thul,Afthul,M,1
Ed,m,,dir,Edmdir,M,0
Ek,no,m,nar,Eknomnar,M,0
Ci,,,ar,Ciar,M,1
Fa,,,al,Faal,M,1
Fy,m,e,inn,Fymeinn,M,1
Aj,f,,in,Ajfin,M,1
Aq,w,,in,Aqwin,M,1
Au,hi,,ur,Auhiur,M,1
An,fi,n,um,Anfinum,M,1
Fi,l,,ur,Filur,M,1
Ae,,,un,Aeun,M,1
Fe,l,,dun,Feldun,M,1
Aq,w,hi,al,Aqwhial,M,1
Af,,,ul,Aful,M,1
Eh,ho,ho,ish,Ehhohoish,M,0
Gy,,,al,Gyal,M,1
Ko,n,u,r,Konur,M,1
Az,u,o,ar,Azuoar,M,1
Ga,,,dun,Gadun,M,1
Ev,fi,,in,Evfiin,M,0
Z,o,el,esh,Zoelesh,M,1
Eo,f,ho,al,Eofhoal,M,0
U,m,,ul,Umul,M,1
Ey,y,no,dar,Eyynodar,M,0
Eu,o,no,tun,Euonotun,M,1
Ec,f,,inn,Ecfinn,M,1
U,,,ar,Uar,M,1
Ax,l,,l,Axll,M,0
O,,,n,On,M,0
Ek,u,,tun,Ekutun,M,1
Fu,u,ri,r,Fuurir,M,0
Ka,,,ul,Kaul,M,1
Ay,e,m,thul,Ayemthul,M,1
Av,,,al,Aval,M,1
Ad,o,l,dun,Adoldun,M,1
Ar,l,,thul,Arlthul,M,1
Er,,,l,Erl,M,1
Am,e,,inn,Ameinn,M,1
Et,y,f,in,Etyfin,M,1
Fu,w,,dir,Fuwdir,M,1
Aa,n,o,thul,Aanothul,M,1
El,el,el,in,Elelelin,M,0
Ei,n,,tun,Eintun,M,1
An,w,r,ish,Anwrish,M,0
Eb,,,r,Ebr,M,0
Gu,o,f,nar,Guofnar,M,1
Z,,,tun,Ztun,M,0
Ki,e,,r,Kier,M,1
Eo,hi,el,dir,Eohieldir,M,0
Er,,,inn,Erinn,M,1
Ke,n,ri,don,Kenridon,M,1
E,ho,y,ur,Ehoyur,M,1
O,l,y,inn,Olyinn,M,1
Ac,fi,,ar,Acfiar,M,1
Ek,o,fi,nar,Ekofinar,M,1
Eq,l,,al,Eqlal,M,0
Et,l,,ar,Etlar,M,1
Ei,,,in,Eiin,M,0
Ce,y,,esh,Ceyesh,M,1
Ao,a,,un,Aoaun,M,0
Ce,,,don,Cedon,M,1
Er,n,m,al,Ernmal,M,1
Fu,f,ho,um,Fufhoum,M,1
Ae,,,tun,Aetun,M,1
Ai,,,inn,Aiinn,M,0
Ec,ri,y,dar,Ecriydar,M,1
Fe,ho,,inn,Fehoinn,M,1
Ap,,,ul,Apul,M,1
Ev,,,dun,Evdun,M,1
Am,n,,n,Amnn,M,0
E,el,,un,Eelun,M,0
Cy,,,r,Cyr,M,1
Au,m,ri,in,Aumriin,M,0
Al,y,,tun,Alytun,M,1
Ao,ri,y,dir,Aoriydir,M,
Ep,ri,m,nar,Eprimnar,M,
Au,,,r,Aur,M,
Ko,fi,,don,Kofidon,M,
Gi,o,m,r,Giomr,M,
Cy,,,al,Cyal,M,
Gy,hi,,r,Gyhir,M,
O,l,,tun,Oltun,M,
Ez,,,ar,Ezar,M,
Em,y,,dun,Emydun,M,
Gu,r,,in,Gurin,M,
Ci,l,,ul,Cilul,M,
U,,,dar,Udar,M,
Ce,no,,inn,Cenoinn,M,
Ac,ho,,tun,Achotun,M,
X,y,hi,al,Xyhial,M,
Ez,i,,ar,Eziar,M,
Ey,r,,al,Eyral,M,
Ev,ri,w,ul,Evriwul,M,
Eq,,,dir,Eqdir,M,
Eb,l,,esh,Eblesh,M,
Eu,m,fi,ar,Eumfiar,M,
Ah,m,ri,ul,Ahmriul,M,
Ga,no,a,dar,Ganoadar,M,
Ke,i,,inn,Keiinn,M,
Eb,ho,,esh,Ebhoesh,M,
Ay,hi,,dir,Ayhidir,M,
Ei,u,ri,um,Eiurium,M,
Es,i,,dar,Esidar,M,
Cu,,,um,Cuum,M,
Fu,ho,l,ish,Fuholish,M,
Az,w,n,un,Azwnun,M,
Ed,o,u,esh,Edouesh,M,
Ac,hi,a,al,Achiaal,M,
Fe,no,,l,Fenol,M,
Ej,fi,o,esh,Ejfioesh,M,
Ku,,,dar,Kudar,M,
Ak,fi,,in,Akfiin,M,
Am,r,hi,inn,Amrhiinn,M,
Ka,a,,thul,Kaathul,M,
Ci,ho,o,inn,Cihooinn,M,
Z,,,don,Zdon,M,
Ai,u,ho,ur,Aiuhour,M,
Ci,f,,l,Cifl,M,
Eg,ho,,ish,Eghoish,M,
Eu,a,,dar,Euadar,M,
Eg,,,r,Egr,M,
An,n,,inn,Anninn,M,
Eo,u,ho,un,Eouhoun,M,
Ae,,,al,Aeal,M,
Ac,n,,ar,Acnar,M,
Ap,m,,n,Apmn,M,
A,,,n,An,M,
Ei,a,no,al,Eianoal,M,
Ah,,,ish,Ahish,M,
Aq,w,no,ar,Aqwnoar,M,
Ab,,,ar,Abar,M,
Aq,,,ar,Aqar,M,
Ki,,,ar,Kiar,M,
Eh,ri,,inn,Ehriinn,M,
As,y,,ul,Asyul,M,
Ay,i,,ar,Ayiar,M,
Ek,l,u,ar,Ekluar,M,
Ek,,,don,Ekdon,M,
Ca,f,,ar,Cafar,M,
Ae,a,,dir,Aeadir,M,
Gu,f,,ar,Gufar,M,
En,y,y,tun,Enyytun,M,
Av,,,in,Avin,M,
En,u,,ur,Enuur,M,
U,i,,thul,Uithul,M,
Eu,,,n,Eun,M,
Ea,ho,e,un,Eahoeun,M,
Ga,w,,dun,Gawdun,M,
Ao,i,,al,Aoial,M,
Ad,,,al,Adal,M,
Fa,o,,l,Faol,M,
Al,y,w,um,Alywum,M,
Co,,,ur,Cour,M,
Ae,,,ar,Aear,M,
Fi,ho,,ar,Fihoar,M,
Az,o,fi,al,Azofial,M,
As,,,esh,Asesh,M,
Fa,r,y,um,Faryum,M,
Es,e,ho,tun,Esehotun,M,
Ez,ri,,un,Ezriun,M,
Ep,u,,esh,Epuesh,M,
En,,,al,Enal,M,
An,l,y,dar,Anlydar,M,
Ai,i,ho,esh,Aiihoesh,M,
Ek,f,,ish,Ekfish,M,
Y,a,,inn,Yainn,M,
Ay,ri,,ur,Ayriur,M,
Af,,,dir,Afdir,M,
At,,,dun,Atdun,M,
At,l,l,r,Atllr,M,
Ca,e,,un,Caeun,M,
Ae,o,,thul,Aeothul,M,
Go,o,i,um,Gooium,M,
Fa,,,r,Far,M,
Al,l,ri,don,Allridon,M,
Eh,el,el,ar,Ehelelar,M,
Ke,,,thul,Kethul,M,
Ab,f,ho,dir,Abfhodir,M,
Au,,,ar,Auar,M,
Er,,,un,Erun,M,
Cy,,,nar,Cynar,M,
Ca,ri,,nar,Carinar,M,
Ag,fi,el,inn,Agfielinn,M,
Ga,r,,r,Garr,M,
Eh,no,,ul,Ehnoul,M,
Af,,,don,Afdon,M,
Ke,,,ish,Keish,M,
Ab,,,n,Abn,M,
Ku,,,al,Kual,M,
Fu,,,tun,Futun,M,
Ao,,,al,Aoal,M,
Ko,y,,ul,Koyul,M,
El,ho,,nar,Elhonar,M,
Fy,,,ur,Fyur,M,
Ed,,,in,Edin,M,
Aq,el,,ish,Aqelish,M,
Ke,w,,n,Kewn,M,
E,y,,r,Eyr,M,
Ga,,,ur,Gaur,M,
Ke,w,,l,Kewl,M,
A,f,n,dun,Afndun,M,
Ez,a,,dir,Ezadir,M,
Eu,,,ul,Euul,M,
At,ho,,um,Athoum,M,
Er,,,l,Erl,M,
Ae,el,,r,Aeelr,M,
Eo,el,,ar,Eoelar,M,
An,m,ri,nar,Anmrinar,M,
Er,hi,,l,Erhil,M,
Cy,,,nar,Cynar,M,
Ci,,,ur,Ciur,M,
Fe,,,ish,Feish,M,
Ag,,,ar,Agar,M,
Eg,hi,,dar,Eghidar,M,
Fi,w,,r,Fiwr,M,
Eo,o,n,in,Eoonin,M,
Au,f,n,inn,Aufninn,M,
Al,u,,inn,Aluinn,M,
Ek,n,,don,Ekndon,M,
Cu,o,,thul,Cuothul,M,
Ga,o,a,in,Gaoain,M,
Ce,n,r,nar,Cenrnar,M,
U,,,ur,Uur,M,
Ar,,,nar,Arnar,M,
Gi,,,tun,Gitun,M,
Au,,,ul,Auul,M,
I,u,,dir,Iudir,M,
Ea,,,ish,Eaish,M,
I,no,,thul,Inothul,M,
Fy,fi,,ar,Fyfiar,M,
Fa,ri,w,inn,Fariwinn,M,
Ap,,,ish,Apish,M,
Az,,,dir,Azdir,M,
Eh,,,r,Ehr,M,
Ad,m,,al,Admal,M,
A,,,inn,Ainn,M,
Eg,,,l,Egl,M,
E,i,i,thul,Eiithul,M,
An,,,ul,Anul,M,
Ka,y,e,ur,Kayeur,M,
Fu,i,,dar,Fuidar,M,
E,,,inn,Einn,M,
Ce,ri,w,r,Ceriwr,M,
O,,,inn,Oinn,M,
Ad,ho,,r,Adhor,M,
Ei,no,,nar,Einonar,M,
Ag,n,,dun,Agndun,M,
Ag,e,no,in,Agenoin,M,
X,ri,n,ar,Xrinar,M,
Z,m,,in,Zmin,M,
Aa,,,um,Aaum,M,
Ku,ri,u,thul,Kuriuthul,M,
U,fi,n,r,Ufinr,M,
Cu,,,n,Cun,M,
En,e,r,thul,Enerthul,M,
Au,y,,tun,Auytun,M,
Ej,w,,l,Ejwl,M,
Ka,u,i,dar,Kauidar,M,
Et,hi,,tun,Ethitun,M,
Ea,el,,l,Eaell,M,
Ax,,,l,Axl,M,
Ae,r,m,r,Aermr,M,
Aj,,,dar,Ajdar,M,
Fi,o,,n,Fion,M,
Ke,u,,ul,Keuul,M,
Al,e,,nar,Alenar,M,
Ed,n,ri,dar,Ednridar,M,
Ki,a,i,in,Kiaiin,M,
Eh,el,,inn,Ehelinn,M,
Ku,y,hi,ish,Kuyhiish,M,
Ad,no,y,esh,Adnoyesh,M,
Ek,,,r,Ekr,M,
Eo,o,r,don,Eoordon,M,
Ai,,,don,Aidon,M,
Er,y,,ish,Eryish,M,
Gi,m,,dun,Gimdun,M,
Aq,,,esh,Aqesh,M,
Cu,,,ar,Cuar,M,
As,i,,r,Asir,M,
Eq,,,l,Eql,M,
Ki,,,um,Kium,M,
Es,a,,inn,Esainn,M,
Ep,r,u,don,Eprudon,M,
Ku,ho,y,in,Kuhoyin,M,
Go,y,,tun,Goytun,M,
Ev,ho,m,ur,Evhomur,M,
El,fi,r,in,Elfirin,M,
Ei,fi,,dar,Eifidar,M,
Ka,ri,ho,ish,Karihoish,M,
An,l,,n,Anln,M,
Aq,,,ar,Aqar,M,
Eg,w,y,n,Egwyn,M,
Eo,el,,l,Eoell,M,
Au,y,,don,Auydon,M,
Ef,y,ri,dar,Efyridar,M,
Ev,a,,ar,Evaar,M,
E,ho,,um,Ehoum,M,
Ko,ri,,nar,Korinar,M,
Ek,i,,esh,Ekiesh,M,
Ae,,,r,Aer,M,
Ei,ri,,nar,Eirinar,M,
Fu,u,e,dir,Fuuedir,M,
Ce,,,ar,Cear,M,
Er,,,ar,Erar,M,
Eu,ri,,in,Euriin,M,
Ej,m,,r,Ejmr,M,
Eq,n,r,ar,Eqnrar,M,
Ad,e,fi,inn,Adefiinn,M,
Gy,e,u,dun,Gyeudun,M,
Fa,,,um,Faum,M,
Eh,u,,don,Ehudon,M,
Ei,f,,esh,Eifesh,M,
Eg,,,nar,Egnar,M,
En,,,tun,Entun,M,
Ca,hi,m,esh,Cahimesh,M,
Eu,,,dun,Eudun,M,
Am,o,ho,l,Amohol,M,
Fi,,,r,Fir,M,
Ag,,,ish,Agish,M,
Y,,,al,Yal,M,
Af,m,,nar,Afmnar,M,
Al,w,o,ul,Alwoul,M,
Fi,no,r,dar,Finordar,M,
Eo,fi,,um,Eofium,M,
Fo,m,,l,Foml,M,
Y,,,dun,Ydun,M,
Ky,hi,,r,Kyhir,M,
Ae,hi,,dar,Aehidar,M,
Ar,m,l,ar,Armlar,M,
Fy,,,n,Fyn,M,
An,,,ul,Anul,M,
X,y,,um,Xyum,M,
Go,fi,,dar,Gofidar,M,
Au,n,,esh,Aunesh,M,
Ag,,,um,Agum,M,
Ab,y,y,dir,Abyydir,M,
Z,r,,r,Zrr,M,
Eq,m,,um,Eqmum,M,
Fy,hi,,dar,Fyhidar,M,
Er,a,,ish,Eraish,M,
Ey,y,,esh,Eyyesh,M,
Ek,y,,ul,Ekyul,M,
Eo,ri,o,um,Eorioum,M,
Ac,y,m,ur,Acymur,M,
Eu,hi,,un,Euhiun,M,
Ep,no,,dir,Epnodir,M,
Ea,ri,a,al,Eariaal,M,
X,,,ur,Xur,M,
Ah,,,nar,Ahnar,M,
Ac,,,in,Acin,M,
Ay,i,,r,Ayir,M,
X,n,,ul,Xnul,M,
Ez,,,dar,Ezdar,M,
El,,,ar,Elar,M,
Es,,,dun,Esdun,M,
Ei,e,,n,Eien,M,
Ax,r,,dir,Axrdir,M,
Gu,,,tun,Gutun,M,
Fa,ho,,al,Fahoal,M,
X,no,el,don,Xnoeldon,M,
Ed,y,e,tun,Edyetun,M,
Eo,,,r,Eor,M,
Aa,,,r,Aar,M,
Af,r,m,dar,Afrmdar,M,
Co,w,,n,Cown,M,
Ab,,,r,Abr,M,
Am,ho,,n,Amhon,M,
O,fi,,ish,Ofiish,M,
Et,,,don,Etdon,M,
Co,,,dar,Codar,M,
Eb,o,w,ul,Ebowul,M,
Em,,,esh,Emesh,M,
Cy,,,ur,Cyur,M,
Er,no,no,ul,Ernonoul,M,
I,ri,f,ur,Irifur,M,
En,fi,o,in,Enfioin,M,
Ej,l,,in,Ejlin,M,
Ak,n,n,don,Aknndon,M,
Ab,,,ur,Abur,M,
E,u,hi,r,Euhir,M,
Ed,,,r,Edr,M,
Ap,n,u,un,Apnuun,M,
Et,l,m,dun,Etlmdun,M,
Aq,,,r,Aqr,M,
Fe,o,,don,Feodon,M,
Eg,,,ul,Egul,M,
An,u,ho,in,Anuhoin,M,
Gi,l,f,ish,Gilfish,M,
Ag,fi,,n,Agfin,M,
Ev,ho,e,dir,Evhoedir,M,
Al,,,l,All,M,
Aq,el,a,ul,Aqelaul,M,
Au,n,a,r,Aunar,M,
Ke,,,ur,Keur,M,
Ap,ho,,ish,Aphoish,M,
Z,ri,,don,Zridon,M,
Ak,u,n,ish,Akunish,M,
Et,,,don,Etdon,M,
Ag,u,,nar,Agunar,M,
Cy,w,,don,Cywdon,M,
Ab,fi,,dun,Abfidun,M,
Ap,,,dir,Apdir,M,
Fu,el,,esh,Fuelesh,M,
Ax,w,m,r,Axwmr,M,
Gu,a,,ul,Guaul,M,
Ac,u,fi,ar,Acufiar,M,
Au,e,,dar,Auedar,M,
X,,,un,Xun,M,
Ez,,,un,Ezun,M,
At,,,ur,Atur,M,
Eo,o,no,in,Eoonoin,M,
As,y,,tun,Asytun,M,
Cu,n,,don,Cundon,M,
Ax,u,n,dir,Axundir,M,
Ah,,,al,Ahal,M,
Aq,,,r,Aqr,M,
Ed,e,hi,l,Edehil,M,
Ef,,,un,Efun,M,
I,,,n,In,M,
Fu,l,e,r,Fuler,M,
U,l,,um,Ulum,M,
Ai,a,,nar,Aianar,M,
Ei,l,a,ar,Eilaar,M,
I,,,nar,Inar,M,
Ei,el,a,dir,Eieladir,M,
Al,,,ar,Alar,M,
Ko,r,ri,dar,Korridar,M,
Ao,r,u,ar,Aoruar,M,
Ab,n,l,dun,Abnldun,M,
Am,,,l,Aml,M,
Eo,,,inn,Eoinn,M,
At,e,,dar,Atedar,M,
O,r,,r,Orr,M,
At,fi,,thul,Atfithul,M,
Ky,,,l,Kyl,M,
Am,ri,e,ul,Amrieul,M,
U,f,,dar,Ufdar,M,
Fy,w,n,ur,Fywnur,M,
At,f,el,dir,Atfeldir,M,
E,,,ar,Ear,M,
Ga,,,tun,Gatun,M,
Ka,fi,,in,Kafiin,M,
As,e,,dar,Asedar,M,
As,y,,n,Asyn,M,
Aq,,,dar,Aqdar,M,
Ea,,,ar,Eaar,M,
Ac,y,el,don,Acyeldon,M,
Eb,w,,r,Ebwr,M,
Ei,ri,,l,Eiril,M,
Go,,,nar,Gonar,M,
Aq,,,ar,Aqar,M,
Eu,hi,,um,Euhium,M,
Ah,el,e,r,Aheler,M,
Ah,,,in,Ahin,M,
Ky,r,,dar,Kyrdar,M,
Cu,,,n,Cun,M,
Fe,el,,un,Feelun,M,
Ay,,,nar,Aynar,M,
Ai,o,a,dir,Aioadir,M,
Ey,w,f,thul,Eywfthul,M,
El,,,un,Elun,M,
E,,,r,Er,M,
Ed,,,un,Edun,M,
Ao,a,fi,ul,Aoafiul,M,
Eb,,,um,Ebum,M,
Ke,u,,don,Keudon,M,
Et,no,,al,Etnoal,M,
Eh,,,ish,Ehish,M,
E,e,,dir,Eedir,M,
Ep,y,,ar,Epyar,M,
Gi,ri,,r,Girir,M,
O,r,ho,esh,Orhoesh,M,
An,i,w,inn,Aniwinn,M,
Et,,,l,Etl,M,
Fi,,,ur,Fiur,M,
Ke,ri,u,nar,Keriunar,M,
Em,a,,al,Emaal,M,
X,,,ish,Xish,M,
Eb,,,ar,Ebar,M,
Fo,y,i,nar,Foyinar,M,
Ea,i,u,in,Eaiuin,M,
Fa,,,ul,Faul,M,
Aj,m,i,dun,Ajmidun,M,
Fi,,,thul,Fithul,M,
Aa,ho,fi,inn,Aahofiinn,M,
Ge,r,,dun,Gerdun,M,
Ak,i,,esh,Akiesh,M,
Es,m,i,dar,Esmidar,M,
Ez,a,fi,r,Ezafir,M,
Ae,ri,l,ur,Aerilur,M,
Em,fi,,n,Emfin,M,
Eq,e,fi,don,Eqefidon,M,
Al,,,don,Aldon,M,
Eo,,,al,Eoal,M,
Ev,,,r,Evr,M,
Aq,e,,esh,Aqeesh,M,
Ek,fi,,n,Ekfin,M,
Gy,,,ul,Gyul,M,
Fu,ho,,ur,Fuhour,M,
Ea,fi,f,l,Eafifl,M,
Gi,ri,w,inn,Giriwinn,M,
Er,ho,,don,Erhodon,M,
Ab,,,r,Abr,M,
Ky,,,nar,Kynar,M,
Ky,,,thul,Kythul,M,
Eo,i,,tun,Eoitun,M,
Ag,hi,,tun,Aghitun,M,
Ge,no,,esh,Genoesh,M,
Ko,,,ar,Koar,M,
Ka,,,thul,Kathul,M,
Ay,,,ul,Ayul,M,
Am,a,,in,Amain,M,
Ah,f,e,tun,Ahfetun,M,
Ej,i,,ish,Ejiish,M,
Fu,w,w,l,Fuwwl,M,
A,,,tun,Atun,M,
Ed,el,,ar,Edelar,M,
Em,r,e,don,Emredon,M,
Ku,a,a,esh,Kuaaesh,M,
Ku,,,r,Kur,M,
Ky,el,,ar,Kyelar,M,
Ky,ho,,dun,Kyhodun,M,
At,no,,thul,Atnothul,M,
Fy,no,el,un,Fynoelun,M,
U,,,inn,Uinn,M,
Ev,el,i,r,Evelir,M,
Ah,,,ish,Ahish,M,
Ea,,,dun,Eadun,M,
Aq,u,el,n,Aqueln,M,
Ab,w,fi,dir,Abwfidir,M,
Ed,hi,y,ar,Edhiyar,M,
Av,e,,ul,Aveul,M,
Ke,o,fi,dir,Keofidir,M,
I,l,,um,Ilum,M,
Eg,l,,l,Egll,M,
Ca,,,ar,Caar,M,
Ci,el,,un,Cielun,M,
Ka,m,f,tun,Kamftun,M,
Ce,ri,no,ur,Cerinour,M,
Aq,e,,al,Aqeal,M,
A,,,tun,Atun,M,
En,w,,tun,Enwtun,M,
Am,ho,,dun,Amhodun,M,
Ey,ho,,in,Eyhoin,M,
Eq,,,dir,Eqdir,M,
Fy,m,l,r,Fymlr,M,
Ky,o,a,ul,Kyoaul,M,
Ad,w,,r,Adwr,M,
Ai,o,w,al,Aiowal,M,
E,el,l,thul,Eellthul,M,
Ac,l,,ish,Aclish,M,
Eq,a,,esh,Eqaesh,M,
Y,ri,ri,un,Yririun,M,
Ai,y,,esh,Aiyesh,M,
Al,ho,n,don,Alhondon,M,
En,w,y,l,Enwyl,M,
Ka,u,,thul,Kauthul,M,
Er,f,,nar,Erfnar,M,
Ke,,,r,Ker,M,
Ci,,,inn,Ciinn,M,
Ai,,,thul,Aithul,M,
Fe,,,thul,Fethul,M,
Eh,m,r,ish,Ehmrish,M,
Fy,,,dun,Fydun,M,
Em,u,y,n,Emuyn,M,
E,,,l,El,M,
Gi,a,,nar,Gianar,M,
As,a,,inn,Asainn,M,
Gy,ho,,ar,Gyhoar,M,
Y,f,,ur,Yfur,M,
Ab,,,tun,Abtun,M,
Ef,,,r,Efr,M,
Ea,,,inn,Eainn,M,
Eo,,,ur,Eour,M,
Ar,hi,,thul,Arhithul,M,
Ev,a,i,ar,Evaiar,M,
A,e,i,nar,Aeinar,M,
Em,,,un,Emun,M,
Eg,o,,dar,Egodar,M,
Ev,l,ri,ish,Evlriish,M,
As,r,,ar,Asrar,M,
Ei,,,thul,Eithul,M,
Ke,el,,dar,Keeldar,M,
Ap,l,,in,Aplin,M,
Ki,no,,ish,Kinoish,M,
Ez,,,ar,Ezar,M,
U,,,n,Un,M,
U,l,f,r,Ulfr,M,
Go,u,,al,Goual,M,
U,l,,tun,Ultun,M,
Aa,y,no,esh,Aaynoesh,M,
An,l,hi,nar,Anlhinar,M,
Ag,u,m,ar,Agumar,M,
Ag,no,,dir,Agnodir,M,
Ed,n,,l,Ednl,M,
Ky,f,,thul,Kyfthul,M,
Z,w,ri,don,Zwridon,M,
As,,,in,Asin,M,
Ev,a,l,nar,Evalnar,M,
Ae,r,,dir,Aerdir,M,
Eg,,,ish,Egish,M,
Eb,i,,um,Ebium,M,
Fe,,,um,Feum,M,
Ce,n,f,inn,Cenfinn,M,
As,m,fi,dir,Asmfidir,M,
Eu,,,tun,Eutun,M,
Er,,,ar,Erar,M,
At,,,um,Atum,M,
Ey,,,um,Eyum,M,
Ax,e,,dar,Axedar,M,
Eh,,,ur,Ehur,M,
An,no,,nar,Annonar,M,
Ka,w,f,un,Kawfun,M,
Gi,,,tun,Gitun,M,
Am,r,,r,Amrr,M,
Ea,i,,thul,Eaithul,M,
Eg,,,um,Egum,M,
Gi,m,,r,Gimr,M,
An,,,ish,Anish,M,
Ef,ri,u,r,Efriur,M,
I,,,don,Idon,M,
Ej,no,o,inn,Ejnooinn,M,
Eu,y,,r,Euyr,M,
En,,,dar,Endar,M,
X,ho,,ar,Xhoar,M,
Ar,el,y,n,Arelyn,M,
Fi,hi,,nar,Fihinar,M,
Fo,l,,in,Folin,M,
Ei,no,,dir,Einodir,M,
Fa,n,,r,Fanr,M,
Ge,f,hi,r,Gefhir,M,
Ec,,,al,Ecal,M,
Cy,e,,ar,Cyear,M,
Fo,i,,ul,Foiul,M,
Am,e,m,un,Amemun,M,
Eg,i,ri,thul,Egirithul,M,
Ka,,,ish,Kaish,M,
Az,ri,,n,Azrin,M,
I,l,r,r,Ilrr,M,
Ai,ho,,ish,Aihoish,M,
Ar,,,inn,Arinn,M,
As,n,,r,Asnr,M,
Z,,,r,Zr,M,
El,e,n,inn,Eleninn,M,
Av,ri,y,l,Avriyl,M,
Ar,a,a,thul,Araathul,M,
Ca,fi,,esh,Cafiesh,M,
Ca,,,dir,Cadir,M,
I,el,,n,Ieln,M,
Eo,el,a,ar,Eoelaar,M,
Ay,hi,ri,al,Ayhirial,M,
Ap,,,ul,Apul,M,
Aa,el,f,dun,Aaelfdun,M,
Es,,,al,Esal,M,
Av,hi,,esh,Avhiesh,M,
Eo,,,tun,Eotun,M,
Ar,hi,,ish,Arhiish,M,
Eh,ri,,tun,Ehritun,M,
El,m,,r,Elmr,M,
Ei,o,,thul,Eiothul,M,
Al,no,,esh,Alnoesh,M,
E,,,esh,Eesh,M,
Ge,e,n,n,Geenn,M,
Ap,,,dir,Apdir,M,
Eq,,,um,Equm,M,
Gu,n,f,um,Gunfum,M,
Co,,,nar,Conar,M,
Eu,y,m,ar,Euymar,M,
Eq,no,,nar,Eqnonar,M,
Ar,,,dar,Ardar,M,
At,,,dun,Atdun,M,
Cy,,,don,Cydon,M,
Ax,e,fi,ar,Axefiar,M,
Ah,,,um,Ahum,M,
El,m,,n,Elmn,M,
Em,ho,i,ur,Emhoiur,M,
Af,u,m,ar,Afumar,M,
Ga,,,ar,Gaar,M,
Co,ri,,r,Corir,M,
Al,,,ar,Alar,M,
Ea,,,ar,Eaar,M,
Af,n,w,ul,Afnwul,M,
As,i,hi,tun,Asihitun,M,
Ad,,,esh,Adesh,M,
Fy,f,,don,Fyfdon,M,
Cu,,,ish,Cuish,M,
Ea,,,in,Eain,M,
X,,,ur,Xur,M,
Ap,a,o,r,Apaor,M,
Fi,i,u,nar,Fiiunar,M,
Eh,no,,ul,Ehnoul,M,
An,,,ul,Anul,M,
Ag,no,l,n,Agnoln,M,
Ah,l,,dir,Ahldir,M,
Ej,u,no,dar,Ejunodar,M,
Eq,ri,f,inn,Eqrifinn,M,
Eg,m,a,ar,Egmaar,M,
Ai,e,w,ur,Aiewur,M,
Al,ho,,n,Alhon,M,
X,,,un,Xun,M,
Ca,hi,a,ar,Cahiaar,M,
Co,fi,,dar,Cofidar,M,
Cu,i,fi,dun,Cuifidun,M,
Eb,,,dir,Ebdir,M,
Ky,ri,i,r,Kyriir,M,
Aq,,,al,Aqal,M,
Au,e,u,ul,Aueuul,M,
Fy,o,,inn,Fyoinn,M,
Aj,,,nar,Ajnar,M,
Ga,i,m,nar,Gaimnar,M,
Ae,,,esh,Aeesh,M,
Ay,o,,don,Ayodon,M,
Aa,u,w,tun,Aauwtun,M,
Ek,fi,w,ul,Ekfiwul,M,
Ek,no,,r,Eknor,M,
Fa,u,,r,Faur,M,
Ko,l,,don,Koldon,M,
Ei,l,n,nar,Eilnnar,M,
Em,el,fi,n,Emelfin,M,
Gu,,,al,Gual,M,
Aj,a,,ish,Ajaish,M,
E,y,hi,ur,Eyhiur,M,
El,,,ul,Elul,M,
Ki,a,,esh,Kiaesh,M,
Ar,o,r,esh,Aroresh,M,
Ka,l,,r,Kalr,M,
Fo,no,,un,Fonoun,M,
Cy,r,,ar,Cyrar,M,
X,a,l,inn,Xalinn,M,
Ky,hi,l,don,Kyhildon,M,
Ey,i,n,dar,Eyindar,M,
X,n,,l,Xnl,M,
Fe,,,don,Fedon,M,
Az,el,el,um,Azelelum,M,
Es,el,,tun,Eseltun,M,
Am,,,inn,Aminn,M,
Ag,l,,in,Aglin,M,
Ey,i,,ar,Eyiar,M,
Ke,y,el,inn,Keyelinn,M,
Fo,hi,,r,Fohir,M,
Ev,e,u,inn,Eveuinn,M,
Aj,,,ar,Ajar,M,
Ez,u,r,inn,Ezurinn,M,
Ed,ri,,dun,Edridun,M,
Ei,ho,ho,l,Eihohol,M,
Et,,,n,Etn,M,
Ca,y,el,ul,Cayelul,M,
Ge,o,ri,dar,Georidar,M,
Av,r,o,ur,Avrour,M,
A,w,o,um,Awoum,M,
At,,,thul,Atthul,M,
Ay,ho,w,don,Ayhowdon,M,
Aq,y,,nar,Aqynar,M,
Aa,r,el,r,Aarelr,M,
Fi,,,dir,Fidir,M,
An,,,nar,Annar,M,
Ah,r,l,esh,Ahrlesh,M,
Ek,f,no,r,Ekfnor,M,
Ga,i,m,um,Gaimum,M,
Et,r,l,l,Etrll,M,
Ec,no,,inn,Ecnoinn,M,
Ak,m,,dun,Akmdun,M,
At,,,nar,Atnar,M,
Au,n,r,dar,Aunrdar,M,
Ey,w,,r,Eywr,M,
Ac,m,e,in,Acmein,M,
Aa,,,n,Aan,M,
Az,l,,al,Azlal,M,
Go,,,tun,Gotun,M,
Aj,,,dun,Ajdun,M,
Fy,,,l,Fyl,M,
Eq,,,ar,Eqar,M,
Ai,ho,,ish,Aihoish,M,
As,i,,r,Asir,M,
Ao,e,ho,tun,Aoehotun,M,
Em,w,a,ul,Emwaul,M,
Ko,r,,n,Korn,M,
Am,e,,ar,Amear,M,
Ga,f,o,l,Gafol,M,
Ge,fi,,ish,Gefiish,M,
Aj,y,hi,ur,Ajyhiur,M,
Et,,,dar,Etdar,M,
Gi,m,w,inn,Gimwinn,M,
Eq,a,e,inn,Eqaeinn,M,
Ez,,,l,Ezl,M,
Ai,ri,a,thul,Airiathul,M,
Ao,,,ar,Aoar,M,
Ef,,,n,Efn,M,
Ki,a,m,in,Kiamin,M,
Aj,fi,fi,esh,Ajfifiesh,M,
Ga,n,r,r,Ganrr,M,
Eu,ri,,esh,Euriesh,M,
Gi,f,o,dun,Gifodun,M,
Ep,e,y,ul,Epeyul,M,
Gu,,,in,Guin,M,
Z,no,el,n,Znoeln,M,
Ke,hi,r,al,Kehiral,M,
Er,e,el,r,Ereelr,M,
Aj,,,al,Ajal,M,
Ko,ri,,dun,Koridun,M,
Az,,,al,Azal,M,
Em,hi,,r,Emhir,M,
Ed,o,r,r,Edorr,M,
Ku,ri,,inn,Kuriinn,M,
Ce,,,r,Cer,M,
Ed,,,un,Edun,M,
Ai,u,,nar,Aiunar,M,
Aa,e,,ur,Aaeur,M,
Ak,,,tun,Aktun,M,
Ax,no,o,un,Axnooun,M,
Cu,no,,inn,Cunoinn,M,
Em,r,,inn,Emrinn,M,
Fa,,,nar,Fanar,M,
Ap,a,,r,Apar,M,
Fi,f,,tun,Fiftun,M,
Eh,n,,r,Ehnr,M,
Ek,o,hi,n,Ekohin,M,
At,n,i,in,Atniin,M,
Et,n,ri,dir,Etnridir,M,
Gi,r,w,dir,Girwdir,M,
Fu,,,nar,Funar,M,
Fe,ri,,l,Feril,M,
Fu,,,don,Fudon,M,
Ey,,,in,Eyin,M,
Fi,y,,n,Fiyn,M,
Au,,,dir,Audir,M,
Z,i,,um,Zium,M,
Ac,ho,e,ur,Achoeur,M,
Es,a,n,dir,Esandir,M,
Et,w,,don,Etwdon,M,
Ax,,,in,Axin,M,
E,fi,,ar,Efiar,M,
Ek,i,y,dun,Ekiydun,M,
Ac,i,y,dun,Aciydun,M,
Al,,,r,Alr,M,
O,y,,dun,Oydun,M,
En,ho,r,in,Enhorin,M,
Aj,,,in,Ajin,M,
Ar,ho,,dir,Arhodir,M,
Et,ho,,l,Ethol,M,
Er,,,ar,Erar,M,
As,el,,inn,Aselinn,M,
Ca,ri,,un,Cariun,M,
Gu,f,f,r,Guffr,M,
Gi,i,,al,Giial,M,
Ey,,,al,Eyal,M,
Ed,i,,ish,Ediish,M,
Z,hi,,ur,Zhiur,M,
Ac,e,f,n,Acefn,M,
Ce,hi,f,tun,Cehiftun,M,
Ga,,,tun,Gatun,M,
I,u,,nar,Iunar,M,
Co,f,,r,Cofr,M,
Ad,,,ar,Adar,M,
Cy,ho,no,um,Cyhonoum,M,
Eu,ho,,mee,Euhomee,F,
Eq,,,mee,Eqmee,F,
Ea,,,ri,Eari,F,
A,f,n,ne,Afnne,F,
Gy,,,ëna,Gyëna,F,
Ah,m,,neth,Ahmneth,F,
Cu,o,ho,sa,Cuohosa,F,
Eb,,,ëna,Ebëna,F,
Fy,,,ni,Fyni,F,
Et,,,i,Eti,F,
Am,,,mee,Ammee,F,
Ke,,,ta,Keta,F,
Ec,o,u,sa,Ecousa,F,
Ak,e,hi,ine,Akehiine,F,
Fa,e,,i,Faei,F,
Av,n,,lia,Avnlia,F,
Ek,u,f,e,Ekufe,F,
El,u,m,ika,Elumika,F,
I,fi,i,ne,Ifiine,F,
Ev,el,,ta,Evelta,F,
Al,e,,ni,Aleni,F,
Eq,e,fi,neth,Eqefineth,F,
Fe,no,,ine,Fenoine,F,
Ac,n,hi,ika,Acnhiika,F,
Go,u,,le,Goule,F,
Av,f,w,le,Avfwle,F,
Ey,el,,ine,Eyeline,F,
Eq,ri,i,ri,Eqriiri,F,
Ep,el,,ta,Epelta,F,
Ej,a,hi,ne,Ejahine,F,
Gi,e,w,ëna,Giewëna,F,
Es,r,,ni,Esrni,F,
Er,,,ri,Erri,F,
Ar,ri,r,ia,Arriria,F,
Ci,e,,ika,Cieika,F,
I,f,hi,e,Ifhie,F,
Ea,,,e,Eae,F,
Ev,,,a,Eva,F,
Ef,,,a,Efa,F,
Fi,f,,ne,Fifne,F,
Ey,fi,ri,ta,Eyfirita,F,
Ek,o,,a,Ekoa,F,
Av,fi,,i,Avfii,F,
Fu,i,,a,Fuia,F,
En,hi,,ne,Enhine,F,
Ae,f,a,ika,Aefaika,F,
Ka,o,,le,Kaole,F,
Ea,el,,lia,Eaellia,F,
Ke,ri,el,sa,Kerielsa,F,
Eg,ri,f,ri,Egrifri,F,
Ao,e,,le,Aoele,F,
Ax,el,r,e,Axelre,F,
Z,n,,le,Znle,F,
Ek,r,y,ëna,Ekryëna,F,
Ce,,,ne,Cene,F,
Eh,ho,u,e,Ehhoue,F,
Ce,ho,l,sa,Ceholsa,F,
Fy,,,i,Fyi,F,
Ek,el,hi,ia,Ekelhiia,F,
Ep,i,,ri,Epiri,F,
Z,,,neth,Zneth,F,
Al,ri,r,i,Alriri,F,
Ku,ri,,ta,Kurita,F,
Ad,a,hi,e,Adahie,F,
Aq,ri,,ni,Aqrini,F,
Ev,,,e,Eve,F,
Av,,,ëna,Avëna,F,
Ad,r,,na,Adrna,F,
Ai,w,f,neth,Aiwfneth,F,
Es,y,no,i,Esynoi,F,
Ac,o,ho,ia,Acohoia,F,
Ke,a,i,mee,Keaimee,F,
An,y,u,ina,Anyuina,F,
Ez,y,,na,Ezyna,F,
Fe,a,,ri,Feari,F,
Ko,y,f,a,Koyfa,F,
Y,no,ho,a,Ynohoa,F,
Eo,,,ta,Eota,F,
Av,ho,n,ri,Avhonri,F,
Et,,,ine,Etine,F,
Ez,,,sa,Ezsa,F,
Et,el,,ika,Etelika,F,
Ez,,,ëna,Ezëna,F,
Ci,ho,i,ta,Cihoita,F,
I,,,a,Ia,F,
Go,u,,ia,Gouia,F,
Y,i,a,ri,Yiari,F,
Ao,no,el,ni,Aonoelni,F,
Ko,,,ee,Koee,F,
Z,,,ni,Zni,F,
Er,,,ika,Erika,F,
Ap,l,hi,ni,Aplhini,F,
Ey,,,ika,Eyika,F,
Eq,,,e,Eqe,F,
Ef,no,f,i,Efnofi,F,
Et,e,r,ee,Eteree,F,
Ef,w,ho,ta,Efwhota,F,
Gy,m,,ëna,Gymëna,F,
Fu,y,i,mee,Fuyimee,F,
Aq,el,y,ta,Aqelyta,F,
A,e,fi,ta,Aefita,F,
Ay,hi,,mee,Ayhimee,F,
A,,,neth,Aneth,F,
Eu,m,,ne,Eumne,F,
Aa,o,m,ika,Aaomika,F,
Ea,,,ëna,Eaëna,F,
Ab,m,,le,Abmle,F,
X,i,,le,Xile,F,
Ao,,,neth,Aoneth,F,
As,,,ri,Asri,F,
Ep,o,,ne,Epone,F,
Fe,,,ia,Feia,F,
Ep,,,mee,Epmee,F,
Eq,w,u,e,Eqwue,F,
Fu,o,,ine,Fuoine,F,
En,fi,u,a,Enfiua,F,
Em,hi,,i,Emhii,F,
Ay,e,,ni,Ayeni,F,
Ga,fi,,ëna,Gafiëna,F,
Eo,f,w,na,Eofwna,F,
Ef,ho,el,ni,Efhoelni,F,
En,m,no,ina,Enmnoina,F,
Ap,a,,mee,Apamee,F,
I,,,ne,Ine,F,
Cu,r,,le,Curle,F,
Ay,,,ëna,Ayëna,F,
Ac,ho,n,lia,Achonlia,F,
Ce,,,le,Cele,F,
Eh,,,ta,Ehta,F,
Es,y,m,le,Esymle,F,
Ko,i,r,i,Koiri,F,
An,,,mee,Anmee,F,
Ai,,,na,Aina,F,
Ge,,,ëna,Geëna,F,
Eg,,,mee,Egmee,F,
At,,,na,Atna,F,
Ay,w,,le,Aywle,F,
Ac,el,w,ine,Acelwine,F,
Ep,hi,,i,Ephii,F,
Eb,w,y,i,Ebwyi,F,
Af,,,neth,Afneth,F,
Ku,fi,o,ika,Kufioika,F,
Em,fi,,ri,Emfiri,F,
Ej,w,,ta,Ejwta,F,
Ac,,,ne,Acne,F,
Gy,,,ëna,Gyëna,F,
Av,m,,ine,Avmine,F,
Ed,,,ee,Edee,F,
Ei,,,na,Eina,F,
As,no,m,ika,Asnomika,F,
As,ho,f,ri,Ashofri,F,
Ci,,,ine,Ciine,F,
Es,m,l,ëna,Esmlëna,F,
Es,,,ee,Esee,F,
I,e,e,lia,Ieelia,F,
Ke,,,ta,Keta,F,
Es,,,a,Esa,F,
Ao,,,ta,Aota,F,
Ez,a,ri,ni,Ezarini,F,
Eg,,,sa,Egsa,F,
Eq,hi,,ni,Eqhini,F,
Ab,,,ia,Abia,F,
Fa,,,ine,Faine,F,
Am,n,m,ni,Amnmni,F,
El,w,,i,Elwi,F,
Et,o,,ta,Etota,F,
Ki,fi,f,ta,Kififta,F,
Ac,,,le,Acle,F,
Ei,w,,ni,Eiwni,F,
Ep,,,ne,Epne,F,
Ce,m,,a,Cema,F,
Ki,r,,ina,Kirina,F,
Gi,y,,ina,Giyina,F,
Ki,,,ika,Kiika,F,
Fe,ri,,i,Ferii,F,
Fa,,,ri,Fari,F,
Ej,m,no,ri,Ejmnori,F,
Fy,fi,a,ne,Fyfiane,F,
Ag,e,el,sa,Ageelsa,F,
At,,,ri,Atri,F,
X,,,mee,Xmee,F,
Z,hi,,sa,Zhisa,F,
Y,m,n,e,Ymne,F,
Ed,u,,ta,Eduta,F,
Eu,w,,e,Euwe,F,
Ko,fi,,ia,Kofiia,F,
Ka,u,,neth,Kauneth,F,
Aq,ri,,a,Aqria,F,
As,,,na,Asna,F,
Eq,w,,le,Eqwle,F,
Eg,hi,,a,Eghia,F,
I,r,fi,ta,Irfita,F,
Ef,,,sa,Efsa,F,
Er,y,i,ee,Eryiee,F,
Es,el,n,ni,Eselnni,F,
A,y,,ika,Ayika,F,
Ep,,,ëna,Epëna,F,
Ax,,,neth,Axneth,F,
Ep,,,ina,Epina,F,
Ea,f,el,ine,Eafeline,F,
At,,,ee,Atee,F,
Ky,,,ika,Kyika,F,
Ar,ri,,ëna,Arriëna,F,
Ak,,,le,Akle,F,
U,i,,i,Uii,F,
Y,,,lia,Ylia,F,
Eu,fi,,ne,Eufine,F,
Ci,ri,,ne,Cirine,F,
El,,,sa,Elsa,F,
Fi,,,ëna,Fiëna,F,
El,f,f,sa,Elffsa,F,
Ke,m,e,ri,Kemeri,F,
Ez,no,,e,Eznoe,F,
Ao,,,ine,Aoine,F,
Ao,e,,neth,Aoeneth,F,
Fe,,,mee,Femee,F,
As,y,o,ne,Asyone,F,
Eo,,,na,Eona,F,
Ge,hi,fi,na,Gehifina,F,
A,ho,e,a,Ahoea,F,
Fy,y,i,sa,Fyyisa,F,
U,i,,lia,Uilia,F,
Ab,,,neth,Abneth,F,
Eh,r,,ika,Ehrika,F,
Fo,,,ta,Fota,F,
Ae,l,,ina,Aelina,F,
Ae,ri,y,ne,Aeriyne,F,
Fa,ri,,ni,Farini,F,
Ek,,,ine,Ekine,F,
Ep,el,m,lia,Epelmlia,F,
Ce,,,lia,Celia,F,
Ke,a,,ne,Keane,F,
Ca,f,,ina,Cafina,F,
Av,,,ia,Avia,F,
U,,,ia,Uia,F,
Fe,i,el,ri,Feielri,F,
Ki,,,sa,Kisa,F,
Ce,a,,ri,Ceari,F,
Ei,l,,le,Eille,F,
Ka,ri,o,i,Karioi,F,
Ky,,,ni,Kyni,F,
At,,,a,Ata,F,
Ak,,,a,Aka,F,
Ci,l,,ta,Cilta,F,
Er,,,ee,Eree,F,
Al,el,,i,Aleli,F,
Em,,,ika,Emika,F,
Aj,w,,ine,Ajwine,F,
Aa,no,el,le,Aanoelle,F,
Ge,,,a,Gea,F,
Fi,,,ia,Fiia,F,
Au,,,a,Aua,F,
Au,,,i,Aui,F,
Co,a,,ri,Coari,F,
Ge,ri,,ni,Gerini,F,
Eq,ri,w,ta,Eqriwta,F,
Aq,hi,fi,ina,Aqhifiina,F,
Fa,no,l,ina,Fanolina,F,
Fi,ho,,ika,Fihoika,F,
Ar,a,,ëna,Araëna,F,
Go,e,o,ri,Goeori,F,
Ao,m,no,a,Aomnoa,F,
Ey,,,ee,Eyee,F,
Fu,l,,neth,Fulneth,F,
U,,,ia,Uia,F,
Ga,,,a,Gaa,F,
Ed,,,sa,Edsa,F,
Af,o,w,ine,Afowine,F,
Ey,,,ine,Eyine,F,
Gi,o,no,ëna,Gionoëna,F,
A,r,,e,Are,F,
Ci,,,ëna,Ciëna,F,
Eh,fi,,ine,Ehfiine,F,
Fa,,,ee,Faee,F,
An,a,l,ri,Analri,F,
Ei,,,ina,Eiina,F,
Es,a,,ni,Esani,F,
Fu,,,ine,Fuine,F,
A,u,,ine,Auine,F,
X,,,sa,Xsa,F,
Ea,e,w,ne,Eaewne,F,
Gu,,,i,Gui,F,
Au,i,r,mee,Auirmee,F,
Af,u,,ni,Afuni,F,
X,o,,e,Xoe,F,
Ah,f,i,e,Ahfie,F,
Ga,,,mee,Gamee,F,
Ei,,,na,Eina,F,
Ea,u,,ina,Eauina,F,
U,f,fi,ina,Uffiina,F,
Cy,ho,,ëna,Cyhoëna,F,
Ke,hi,,ina,Kehiina,F,
Ke,m,w,a,Kemwa,F,
Ap,,,ina,Apina,F,
Fa,,,na,Fana,F,
Ka,i,o,sa,Kaiosa,F,
Eo,,,lia,Eolia,F,
X,ho,a,ee,Xhoaee,F,
Ev,no,el,sa,Evnoelsa,F,
Am,e,m,ri,Amemri,F,
Z,r,,ne,Zrne,F,
Ko,ho,r,ni,Kohorni,F,
Ec,o,,ri,Ecori,F,
Ge,u,o,ëna,Geuoëna,F,
Ae,w,el,i,Aeweli,F,
Aq,,,ne,Aqne,F,
Fe,no,,ta,Fenota,F,
Ce,,,neth,Ceneth,F,
Ev,r,,na,Evrna,F,
Ke,r,a,na,Kerana,F,
I,n,,ri,Inri,F,
As,,,neth,Asneth,F,
Ag,u,u,ëna,Aguuëna,F,
Go,ho,el,e,Gohoele,F,
Az,m,u,na,Azmuna,F,
Aq,hi,i,a,Aqhiia,F,
Cy,ho,,ëna,Cyhoëna,F,
Az,,,ni,Azni,F,
Eh,,,mee,Ehmee,F,
Fu,,,ee,Fuee,F,
Av,u,,le,Avule,F,
El,r,,le,Elrle,F,
Ec,l,,ta,Eclta,F,
Y,l,,ia,Ylia,F,
Fu,n,el,sa,Funelsa,F,
Ke,,,ee,Keee,F,
Ez,,,le,Ezle,F,
Ky,,,ina,Kyina,F,
At,,,ne,Atne,F,
Ga,el,,ne,Gaelne,F,
Ap,,,ee,Apee,F,
Z,,,i,Zi,F,
Ge,ho,,ne,Gehone,F,
En,r,e,ni,Enreni,F,
Ac,f,,ika,Acfika,F,
Ce,i,,neth,Ceineth,F,
Ea,,,neth,Eaneth,F,
Al,ri,,mee,Alrimee,F,
En,u,no,sa,Enunosa,F,
Ep,i,hi,ta,Epihita,F,
En,,,ta,Enta,F,
Ci,hi,el,le,Cihielle,F,
As,no,l,ri,Asnolri,F,
Ei,,,ina,Eiina,F,
Fy,hi,i,sa,Fyhiisa,F,
Ki,,,neth,Kineth,F,
Al,ho,,ne,Alhone,F,
Ab,,,ee,Abee,F,
Y,,,e,Ye,F,
Az,,,ika,Azika,F,
Ap,l,,ta,Aplta,F,
Es,e,l,e,Esele,F,
Er,w,el,ee,Erwelee,F,
Eb,,,le,Eble,F,
Ki,,,mee,Kimee,F,
Ga,w,w,ine,Gawwine,F,
Ay,,,neth,Ayneth,F,
Z,,,a,Za,F,
An,,,ta,Anta,F,
Fe,,,a,Fea,F,
En,i,,na,Enina,F,
At,,,ika,Atika,F,
Ai,o,a,ëna,Aioaëna,F,
Gy,hi,m,na,Gyhimna,F,
Ay,u,,ina,Ayuina,F,
X,,,ni,Xni,F,
Ed,ri,,sa,Edrisa,F,
Ak,m,a,ia,Akmaia,F,
Gu,,,mee,Gumee,F,
Ki,no,m,ine,Kinomine,F,
Ab,f,,ika,Abfika,F,
Ea,,,ni,Eani,F,
Ap,ho,,ee,Aphoee,F,
Ef,ri,l,mee,Efrilmee,F,
An,i,l,i,Anili,F,
Ej,el,e,e,Ejelee,F,
Er,el,w,mee,Erelwmee,F,
Y,ho,,ta,Yhota,F,
Ej,,,ia,Ejia,F,
Av,hi,,e,Avhie,F,
Ci,y,,le,Ciyle,F,
Eg,w,u,ri,Egwuri,F,
Ao,no,,sa,Aonosa,F,
Ka,o,ho,ee,Kaohoee,F,
Fu,a,,i,Fuai,F,
Ad,y,,ëna,Adyëna,F,
Cy,,,mee,Cymee,F,
Ax,,,ta,Axta,F,
Ge,w,,mee,Gewmee,F,
Aj,,,ina,Ajina,F,
X,,,ne,Xne,F,
Cy,w,,na,Cywna,F,
Cy,m,fi,i,Cymfii,F,
E,,,le,Ele,F,
Er,o,ho,lia,Eroholia,F,
Ai,m,el,ta,Aimelta,F,
Ef,,,ta,Efta,F,
Al,,,a,Ala,F,
Ae,,,ni,Aeni,F,
Es,,,ta,Esta,F,
Ap,ri,,lia,Aprilia,F,
Gi,y,,ina,Giyina,F,
Ae,,,ia,Aeia,F,
Y,,,sa,Ysa,F,
Ca,,,na,Cana,F,
Eb,r,,ta,Ebrta,F,
Ao,o,,ta,Aoota,F,
Fy,no,,sa,Fynosa,F,
Go,r,,ia,Goria,F,
En,,,ni,Enni,F,
At,m,,a,Atma,F,
Ai,o,,ëna,Aioëna,F,
Fo,l,w,le,Folwle,F,
Er,,,le,Erle,F,
Ar,no,,ri,Arnori,F,
Eh,,,a,Eha,F,
Ap,el,,ee,Apelee,F,
I,m,fi,lia,Imfilia,F,
Ad,i,y,ri,Adiyri,F,
Am,n,,ri,Amnri,F,
Af,,,i,Afi,F,
A,fi,,ine,Afiine,F,
Ky,o,,e,Kyoe,F,
Ap,,,i,Api,F,
Ci,,,ri,Ciri,F,
En,m,y,ëna,Enmyëna,F,
Fo,i,f,lia,Foiflia,F,
Fe,ri,,lia,Ferilia,F,
Ae,a,,neth,Aeaneth,F,
Ed,,,mee,Edmee,F,
Ge,n,,na,Genna,F,
El,no,,ri,Elnori,F,
Fe,y,,neth,Feyneth,F,
Au,,,ni,Auni,F,
X,o,no,ne,Xonone,F,
Cy,a,,ni,Cyani,F,
Az,no,fi,mee,Aznofimee,F,
Ah,,,ina,Ahina,F,
Ai,ri,e,ika,Airieika,F,
E,fi,,ri,Efiri,F,
Ce,a,,ëna,Ceaëna,F,
Aj,,,i,Aji,F,
Ek,w,,ri,Ekwri,F,
A,f,,ne,Afne,F,
Ei,,,ee,Eiee,F,
Ef,,,ta,Efta,F,
Ca,i,,na,Caina,F,
Fa,i,r,a,Faira,F,
An,l,,ta,Anlta,F,
Ae,m,i,i,Aemii,F,
Av,el,,i,Aveli,F,
E,y,l,sa,Eylsa,F,
Ai,a,no,ina,Aianoina,F,
Gy,,,ika,Gyika,F,
Ad,,,ri,Adri,F,
Go,e,,ta,Goeta,F,
Ae,m,o,a,Aemoa,F,
Et,y,ri,i,Etyrii,F,
Fi,,,sa,Fisa,F,
Am,f,,sa,Amfsa,F,
Ek,el,,ni,Ekelni,F,
Eh,el,w,lia,Ehelwlia,F,
Ak,fi,el,lia,Akfiellia,F,
Y,m,,ta,Ymta,F,
Fa,,,ine,Faine,F,
Fi,l,,na,Filna,F,
Ey,,,i,Eyi,F,
Ca,,,ee,Caee,F,
Am,a,,ee,Amaee,F,
Ai,,,le,Aile,F,
O,e,,ika,Oeika,F,
Eh,,,sa,Ehsa,F,
Fa,,,a,Faa,F,
Ku,l,o,ni,Kuloni,F,
Ah,,,lia,Ahlia,F,
Ez,m,,neth,Ezmneth,F,
E,,,le,Ele,F,
Ab,,,i,Abi,F,
Ar,,,ina,Arina,F,
Ev,fi,m,mee,Evfimmee,F,
Aa,ri,,ee,Aariee,F,
At,f,,na,Atfna,F,
Ay,f,fi,lia,Ayffilia,F,
Ef,f,,ne,Effne,F,
Gy,m,o,ina,Gymoina,F,
Ak,e,,le,Akele,F,
Y,,,ee,Yee,F,
Eg,,,ne,Egne,F,
Ea,,,i,Eai,F,
Fy,fi,w,ri,Fyfiwri,F,
Go,e,,neth,Goeneth,F,
As,,,ta,Asta,F,
Ep,,,ia,Epia,F,
En,y,,i,Enyi,F,
Co,r,,na,Corna,F,
Aj,l,,mee,Ajlmee,F,
Ef,o,el,a,Efoela,F,
A,,,ta,Ata,F,
Ap,,,le,Aple,F,
Au,,,e,Aue,F,
Y,u,,ri,Yuri,F,
Ey,e,,ia,Eyeia,F,
Ae,u,,ika,Aeuika,F,
Ce,n,,ta,Centa,F,
Fe,w,,ëna,Fewëna,F,
Ae,y,,mee,Aeymee,F,
Co,ho,hi,neth,Cohohineth,F,
Ky,el,,e,Kyele,F,
Eh,,,ta,Ehta,F,
A,ho,o,ne,Ahoone,F,
Ec,hi,,ine,Echiine,F,
Eb,r,,i,Ebri,F,
Ey,w,,i,Eywi,F,
Cu,,,ëna,Cuëna,F,
Ei,y,,ni,Eiyni,F,
Ae,y,,le,Aeyle,F,
Ci,hi,,sa,Cihisa,F,
Go,y,i,ëna,Goyiëna,F,
Co,,,na,Cona,F,
Aq,u,,ëna,Aquëna,F,
Cy,w,u,neth,Cywuneth,F,
Ki,w,f,ëna,Kiwfëna,F,
Ku,el,,e,Kuele,F,
Ay,,,lia,Aylia,F,
Eo,,,ta,Eota,F,
X,el,,ee,Xelee,F,
Ea,,,ëna,Eaëna,F,
Ev,,,neth,Evneth,F,
Ka,no,m,ina,Kanomina,F,
Ai,w,,i,Aiwi,F,
Az,w,no,a,Azwnoa,F,
An,r,,neth,Anrneth,F,
Am,o,o,ee,Amooee,F,
Gi,w,f,ina,Giwfina,F,
Ef,i,i,na,Efiina,F,
El,,,ri,Elri,F,
Ke,hi,a,ee,Kehiaee,F,
Gi,,,ta,Gita,F,
An,e,n,ri,Anenri,F,
Aq,u,,na,Aquna,F,
Aa,,,mee,Aamee,F,
Af,hi,,i,Afhii,F,
Ci,el,f,mee,Cielfmee,F,
Ad,,,lia,Adlia,F,
Em,,,ina,Emina,F,
Av,,,lia,Avlia,F,
I,l,,i,Ili,F,
Eo,fi,,ee,Eofiee,F,
Fa,,,na,Fana,F,
Ay,ri,no,lia,Ayrinolia,F,
Ej,i,,ine,Ejiine,F,
Ez,i,i,lia,Eziilia,F,
Ca,u,,ina,Cauina,F,
Eg,,,ri,Egri,F,
En,,,mee,Enmee,F,
An,y,o,ëna,Anyoëna,F,
Aj,e,fi,ee,Ajefiee,F,
Ej,i,,ëna,Ejiëna,F,
Gy,i,,ëna,Gyiëna,F,
Gy,a,,e,Gyae,F,
Fi,,,ne,Fine,F,
Ke,w,no,i,Kewnoi,F,
Fy,n,,ee,Fynee,F,
I,f,i,a,Ifia,F,
Aa,,,ika,Aaika,F,
Fu,l,w,ëna,Fulwëna,F,
Eh,r,e,ia,Ehreia,F,
O,w,,sa,Owsa,F,
Z,l,ho,ika,Zlhoika,F,
Co,,,ëna,Coëna,F,
Ar,w,fi,ia,Arwfiia,F,
Ey,r,y,ri,Eyryri,F,
E,m,e,ne,Emene,F,
Ec,o,,ee,Ecoee,F,
Ar,hi,,a,Arhia,F,
As,l,ho,ia,Aslhoia,F,
Ed,,,a,Eda,F,
Es,,,le,Esle,F,
U,o,hi,ine,Uohiine,F,
Ay,,,ri,Ayri,F,
Ab,no,,ina,Abnoina,F,
Ki,no,u,ri,Kinouri,F,
E,w,r,neth,Ewrneth,F,
Cy,no,no,i,Cynonoi,F,
Ar,,,ta,Arta,F,
Em,hi,m,e,Emhime,F,
Ki,u,w,ni,Kiuwni,F,
Ki,e,,ni,Kieni,F,
Ax,f,,ta,Axfta,F,
Ge,i,r,ni,Geirni,F,
Aq,,,ëna,Aqëna,F,
Ca,ri,,ni,Carini,F,
Aa,a,,ine,Aaaine,F,
Ec,,,i,Eci,F,
Fu,,,a,Fua,F,
Ev,w,,ee,Evwee,F,
Ei,e,,ni,Eieni,F,
Eo,a,,ëna,Eoaëna,F,
Es,y,a,ne,Esyane,F,
Ev,el,,ni,Evelni,F,
Ah,n,,ta,Ahnta,F,
Ga,f,el,ina,Gafelina,F,
Fe,,,le,Fele,F,
En,f,a,ina,Enfaina,F,
Eo,n,,ika,Eonika,F,
En,l,f,ëna,Enlfëna,F,
Ev,u,,ina,Evuina,F,
Eu,i,el,ëna,Euielëna,F,
Aq,no,hi,a,Aqnohia,F,
Go,,,ëna,Goëna,F,
Eh,r,m,i,Ehrmi,F,
Ap,a,,ine,Apaine,F,
Ep,ri,ho,ne,Eprihone,F,
Ke,e,o,ëna,Keeoëna,F,
Ay,r,,ta,Ayrta,F,
Aj,no,ri,sa,Ajnorisa,F,
Eh,,,ee,Ehee,F,
Cy,n,,ne,Cynne,F,
Ki,ri,no,ine,Kirinoine,F,
Fa,m,u,ee,Famuee,F,
Ax,,,ri,Axri,F,
Ae,,,a,Aea,F,
Cu,ho,,e,Cuhoe,F,
El,,,neth,Elneth,F,
Gu,o,,e,Guoe,F,
Ce,ri,,a,Ceria,F,
Go,f,,ine,Gofine,F,
Ci,,,lia,Cilia,F,
Ae,o,fi,ia,Aeofiia,F,
Ad,ri,,na,Adrina,F,
Ah,f,,ika,Ahfika,F,
Ez,l,y,na,Ezlyna,F,
Ga,el,e,na,Gaelena,F,
Ag,fi,fi,ne,Agfifine,F,
Ac,l,ho,ee,Aclhoee,F,
Ky,,,ni,Kyni,F,
Av,l,i,ëna,Avliëna,F,
Ke,,,ta,Keta,F,
Gi,,,ri,Giri,F,
Ku,f,l,neth,Kuflneth,F,
Ci,,,mee,Cimee,F,
Ah,r,l,na,Ahrlna,F,
Ag,,,ri,Agri,F,
Gi,ho,,lia,Giholia,F,
Ce,ho,,a,Cehoa,F,
Am,,,e,Ame,F,
Ep,r,no,ne,Eprnone,F,
Ei,u,m,sa,Eiumsa,F,
Fo,a,,mee,Foamee,F,
Ci,,,neth,Cineth,F,
Gy,a,,e,Gyae,F,
Cu,hi,w,e,Cuhiwe,F,
Ag,ho,,ne,Aghone,F,
Aj,,,ina,Ajina,F,
Ce,w,i,mee,Cewimee,F,
Et,n,o,ia,Etnoia,F,
Er,n,,ina,Ernina,F,
Eh,n,,e,Ehne,F,
Ac,,,i,Aci,F,
Eh,e,,ee,Eheee,F,
Ac,,,ni,Acni,F,
Ar,a,o,le,Araole,F,
Ka,i,,sa,Kaisa,F,
E,,,ri,Eri,F,
Eb,f,el,ia,Ebfelia,F,
Z,,,ri,Zri,F,
Ep,,,ni,Epni,F,
Fo,,,sa,Fosa,F,
Af,y,hi,ee,Afyhiee,F,
Ed,el,a,ee,Edelaee,F,
Ca,o,no,ëna,Caonoëna,F,
Ev,hi,,ina,Evhiina,F,
Aj,n,r,mee,Ajnrmee,F,
Eo,,,ina,Eoina,F,
Ef,i,u,i,Efiui,F,
Em,w,,ee,Emwee,F,
Eq,e,,ina,Eqeina,F,
A,w,y,ni,Awyni,F,
Ax,,,mee,Axmee,F,
Ef,ri,,ine,Efriine,F,
Aq,y,,lia,Aqylia,F,
Ad,,,ia,Adia,F,
Gy,,,ri,Gyri,F,
Eb,a,u,na,Ebauna,F,
Go,,,i,Goi,F,
Gi,,,e,Gie,F,
Em,f,m,mee,Emfmmee,F,
Ek,,,e,Eke,F,
Ey,f,,ni,Eyfni,F,
Ap,i,m,i,Apimi,F,
Em,,,ne,Emne,F,
E,f,f,le,Effle,F,
E,w,,ri,Ewri,F,
Av,y,e,ne,Avyene,F,
Ae,,,mee,Aemee,F,
Gi,f,,lia,Giflia,F,
Aj,,,sa,Ajsa,F,
Fi,y,e,ëna,Fiyeëna,F,
Al,o,,ta,Alota,F,
Y,l,,ëna,Ylëna,F,
Eb,,,a,Eba,F,
Ca,,,ine,Caine,F,
Eg,hi,,sa,Eghisa,F,
Ag,,,ne,Agne,F,
Eb,,,neth,Ebneth,F,
Ef,,,na,Efna,F,
Ac,r,,ia,Acria,F,
Ae,ho,e,ee,Aehoeee,F,
Y,,,ne,Yne,F,
Et,f,hi,mee,Etfhimee,F,
At,,,lia,Atlia,F,
Ev,ri,,ëna,Evriëna,F,
Cu,fi,,na,Cufina,F,
Cy,el,m,le,Cyelmle,F,
Go,r,,ee,Goree,F,
Eu,a,,ri,Euari,F,
Au,fi,,ina,Aufiina,F,
Gu,,,mee,Gumee,F,
Ak,u,,neth,Akuneth,F,
E,ho,,ne,Ehone,F,
Ez,el,,sa,Ezelsa,F,
An,,,i,Ani,F,
An,hi,ri,e,Anhirie,F,
Ax,,,e,Axe,F,
Ci,fi,m,e,Cifime,F,
Aj,n,ho,ri,Ajnhori,F,
Ge,,,ine,Geine,F,
En,e,,ne,Enene,F,
Ky,ri,u,ta,Kyriuta,F,
Ah,n,i,neth,Ahnineth,F,
At,,,i,Ati,F,
En,o,,le,Enole,F,
Ep,m,ho,ine,Epmhoine,F,
Cu,hi,,neth,Cuhineth,F,
Ca,,,na,Cana,F,
U,,,a,Ua,F,
Ef,,,a,Efa,F,
X,u,,a,Xua,F,
Z,el,,ne,Zelne,F,
Gy,ri,no,e,Gyrinoe,F,
Ak,,,ëna,Akëna,F,
Eg,hi,,ëna,Eghiëna,F,
Eo,,,lia,Eolia,F,
Eu,u,,ine,Euuine,F,
Ek,,,a,Eka,F,
Cy,w,e,ina,Cyweina,F,
Ku,n,hi,le,Kunhile,F,
Fu,,,na,Funa,F,
Y,i,,le,Yile,F,
Gu,e,el,ri,Gueelri,F,
Ed,el,,ni,Edelni,F,
Ac,,,ia,Acia,F,
Cy,y,,ina,Cyyina,F,
Ci,f,no,ne,Cifnone,F,
Ga,,,mee,Gamee,F,
Ky,r,ho,i,Kyrhoi,F,
Ku,,,mee,Kumee,F,
Eq,,,lia,Eqlia,F,
Ek,o,no,a,Ekonoa,F,
Ar,a,m,ia,Aramia,F,
Ar,w,e,e,Arwee,F,
Ed,,,ta,Edta,F,
Az,,,a,Aza,F,
Fa,n,u,ia,Fanuia,F,
Ky,i,m,ina,Kyimina,F,
Ai,n,y,ni,Ainyni,F,
Ka,,,ina,Kaina,F,
Em,,,ia,Emia,F,
Fa,e,,sa,Faesa,F,
Em,y,m,ika,Emymika,F,
Av,no,,a,Avnoa,F,
U,,,ine,Uine,F,
Ej,,,e,Eje,F,
Ku,w,n,ëna,Kuwnëna,F,
Z,o,l,ika,Zolika,F,
Av,el,l,ne,Avellne,F,
El,,,na,Elna,F,
Ek,,,ri,Ekri,F,
Ah,no,,e,Ahnoe,F,
Y,m,l,ina,Ymlina,F,
Go,f,a,sa,Gofasa,F,
Ag,,,ika,Agika,F,
Eh,,,ee,Ehee,F,
Am,a,,ine,Amaine,F,
Eo,,,ina,Eoina,F,
Y,w,,ika,Ywika,F,
El,y,w,ëna,Elywëna,F,
Am,w,,i,Amwi,F,
Ai,hi,e,ine,Aihieine,F,
En,m,m,le,Enmmle,F,
Gi,u,r,ia,Giuria,F,
As,,,ee,Asee,F,
Fe,m,,ta,Femta,F,
Ak,,,ëna,Akëna,F,
Z,i,,ine,Ziine,F,
Ar,r,fi,ri,Arrfiri,F,
I,,,mee,Imee,F,
At,w,y,le,Atwyle,F,
Aq,o,no,a,Aqonoa,F,
En,o,,ika,Enoika,F,
Ce,y,,ne,Ceyne,F,
Af,w,,ina,Afwina,F,
X,e,y,e,Xeye,F,
Gy,ho,,na,Gyhona,F,
Go,w,hi,ëna,Gowhiëna,F,
Ei,y,hi,sa,Eiyhisa,F,
Ah,f,fi,ika,Ahffiika,F,
Ac,w,,mee,Acwmee,F,
As,e,,ine,Aseine,F,
Et,r,y,na,Etryna,F,
Ep,hi,i,ika,Ephiiika,F,
Ev,n,e,ina,Evneina,F,
Ky,hi,,ika,Kyhiika,F,
Ag,a,,ni,Agani,F,
Fe,,,ee,Feee,F,
A,,,i,Ai,F,
Aq,,,lia,Aqlia,F,
Ax,hi,w,lia,Axhiwlia,F,
Fi,,,sa,Fisa,F,
Aq,u,e,ri,Aqueri,F,
Eo,y,,ne,Eoyne,F,
Ev,,,ni,Evni,F,
Ej,,,ni,Ejni,F,
Az,o,,ine,Azoine,F,
At,r,,i,Atri,F,
Aj,,,ika,Ajika,F,
Ge,o,n,neth,Geonneth,F,
Ko,,,ri,Kori,F,
Eo,,,ta,Eota,F,
Aa,el,,ina,Aaelina,F,
Ge,r,,ri,Gerri,F,
Ki,f,,ëna,Kifëna,F,
Ga,no,,ee,Ganoee,F,
Ey,,,ika,Eyika,F,
U,hi,f,ia,Uhifia,F,
Az,e,,ine,Azeine,F,
Fa,o,r,sa,Faorsa,F,
Ka,,,le,Kale,F,
Ag,r,,a,Agra,F,
Ag,m,i,ëna,Agmiëna,F,
Cy,i,,sa,Cyisa,F,
At,,,ri,Atri,F,
Eh,ri,l,neth,Ehrilneth,F,
Ey,hi,,ine,Eyhiine,F,
Ay,,,i,Ayi,F,
Az,,,ëna,Azëna,F,
Go,,,ni,Goni,F,
Co,,,ni,Coni,F,
Az,n,,sa,Aznsa,F,
En,,,sa,Ensa,F,
Ev,e,e,na,Eveena,F,
Fa,a,i,ta,Faaita,F,
An,a,,i,Anai,F,
Ap,ho,,le,Aphole,F,
Em,l,y,ni,Emlyni,F,
Fu,,,ika,Fuika,F,
Ce,u,m,ia,Ceumia,F,
Ej,ho,,i,Ejhoi,F,
Ku,,,ne,Kune,F,
X,l,ri,na,Xlrina,F,
Ad,,,ee,Adee,F,
Ai,u,el,ina,Aiuelina,F,
Gy,,,ne,Gyne,F,
Gy,,,ee,Gyee,F,
Eh,hi,,ika,Ehhiika,F,
Fa,,,ne,Fane,F,
Eh,o,m,le,Ehomle,F,
Ek,,,ee,Ekee,F,
Ea,y,,ta,Eayta,F,
Ep,i,,neth,Epineth,F,
Fo,,,ëna,Foëna,F,
Ah,,,lia,Ahlia,F,
Ai,hi,,lia,Aihilia,F,
Ay,m,,neth,Aymneth,F,
Al,,,ika,Alika,F,
Cy,r,w,le,Cyrwle,F,
Ko,,,ine,Koine,F,
Y,ho,,ëna,Yhoëna,F,
Ae,f,f,ri,Aeffri,F,
Ay,o,f,ni,Ayofni,F,
Fe,ri,,lia,Ferilia,F,
Fe,,,ëna,Feëna,F,
Ky,,,sa,Kysa,F,
As,e,,ee,Aseee,F,
Ei,l,i,ee,Eiliee,F,
Ko,,,i,Koi,F,
Ce,,,le,Cele,F,
Fo,o,,le,Foole,F,
Av,no,,le,Avnole,F,
Ki,fi,w,ee,Kifiwee,F,
A,fi,,ta,Afita,F,
Eq,,,ika,Eqika,F,
Co,,,ee,Coee,F,
Aj,,,ni,Ajni,F,
A,hi,hi,ina,Ahihiina,F,
Em,m,i,i,Emmii,F,
Ae,u,,ina,Aeuina,F,
Cy,,,ine,Cyine,F,
Ec,fi,,ne,Ecfine,F,
Fe,,,sa,Fesa,F,
An,,,ine,Anine,F,
Aq,,,ine,Aqine,F,
Gy,,,ia,Gyia,F,
Ge,u,,a,Geua,F,
Ka,r,,e,Kare,F,
Ac,,,ëna,Acëna,F,
Ej,,,ina,Ejina,F,
Gy,,,ta,Gyta,F,
Ce,n,m,sa,Cenmsa,F,
Z,,,ni,Zni,F,
Az,a,,ta,Azata,F,
Co,ri,hi,ia,Corihiia,F,
Es,fi,,e,Esfie,F,
Ac,el,,lia,Acellia,F,
Fe,o,hi,na,Feohina,F,
Eg,i,a,lia,Egialia,F,
O,,,i,Oi,F,
Ey,,,ee,Eyee,F,
Go,,,ni,Goni,F,
Ki,,,e,Kie,F,
Eq,y,,mee,Eqymee,F,
Ec,,,ee,Ecee,F,
Ai,w,,ne,Aiwne,F,
Ca,y,,ri,Cayri,F,
Al,el,,mee,Alelmee,F,
At,i,m,a,Atima,F,
Ed,hi,el,e,Edhiele,F,
Ej,hi,fi,i,Ejhifii,F,
Au,ho,m,ni,Auhomni,F,
O,u,hi,ri,Ouhiri,F,
Ca,,,mee,Camee,F,
Gi,el,,ni,Gielni,F,
Z,a,a,lia,Zaalia,F,
Ep,no,n,sa,Epnonsa,F,
Ki,ho,fi,le,Kihofile,F,
Ki,,,ina,Kiina,F,
Ga,u,fi,le,Gaufile,F,
Er,n,l,sa,Ernlsa,F,
Aj,fi,,ta,Ajfita,F,
Ec,y,i,ne,Ecyine,F,
Ei,,,i,Eii,F,
Co,f,o,mee,Cofomee,F,
Ac,hi,fi,ine,Achifiine,F,
Ap,a,m,ina,Apamina,F,
Fy,e,w,le,Fyewle,F,
Ku,,,e,Kue,F,
Ek,fi,,ri,Ekfiri,F,
Ky,l,,neth,Kylneth,F,
Ak,ri,i,sa,Akriisa,F,
Al,r,,ine,Alrine,F,
Ed,,,ia,Edia,F,
Ec,i,,e,Ecie,F,
Ky,u,ho,ri,Kyuhori,F,
Ek,,,neth,Ekneth,F,
Ky,ho,,ta,Kyhota,F,
Ah,hi,a,ta,Ahhiata,F,
Ef,i,,mee,Efimee,F,
Ai,ho,el,a,Aihoela,F,
Ax,i,hi,e,Axihie,F,
Es,ri,i,i,Esriii,F,
Ke,a,,ne,Keane,F,
Ef,,,ine,Efine,F,
Ay,n,,a,Ayna,F,
Ac,n,,ni,Acnni,F,
Ak,ho,u,le,Akhoule,F,
Eo,,,ne,Eone,F,
An,,,ika,Anika,F,
Ca,w,,le,Cawle,F,
Cy,,,le,Cyle,F,
Ai,e,y,le,Aieyle,F,
Eb,ho,,lia,Ebholia,F,
Eh,i,r,ta,Ehirta,F,
Ac,,,ni,Acni,F,
Eo,ri,o,e,Eorioe,F,
Aq,n,l,i,Aqnli,F,
Co,,,le,Cole,F,
Ea,hi,,ëna,Eahiëna,F,
Es,,,ia,Esia,F,
E,w,e,ine,Eweine,F,
At,o,,le,Atole,F,
Az,no,,ri,Aznori,F,
Aa,m,,ia,Aamia,F,
Gu,y,ri,ne,Guyrine,F,
At,no,,ee,Atnoee,F,
Es,,,lia,Eslia,F,
Ac,i,ho,ika,Acihoika,F,
Ap,hi,,ee,Aphiee,F,
Eg,,,ine,Egine,F,
Fu,ri,i,ni,Furiini,F,
A,ho,f,mee,Ahofmee,F,
Er,f,,ëna,Erfëna,F,
Z,,,ne,Zne,F,
Ak,n,m,ia,Aknmia,F,
O,el,,ia,Oelia,F,
Gu,,,ni,Guni,F,
Ke,el,a,e,Keelae,F,
Et,u,ho,e,Etuhoe,F,
Fe,i,u,ëna,Feiuëna,F,
Av,,,ne,Avne,F,
Al,m,,ia,Almia,F,
