Oalr,1,19,25,18,21,M,,,,,,
Ejul,1,26,4,17,18,M,,,,,,
Aoal,1,25,19,25,18,M,,,,,,
Amuesh,1,25,14,17,26,23,9,M,,,,
Acdar,1,25,15,16,25,21,M,,,,,
Evafal,1,26,10,25,8,25,18,M,,,,
Ir,1,24,21,M,,,,,,,,
Uesh,1,17,26,23,9,M,,,,,,
Eal,1,26,25,18,M,,,,,,,
Aprwish,1,25,13,21,2,24,23,9,M,,,
Adnoin,1,25,16,22,19,24,22,M,,,,
Kaelun,1,3,25,26,18,17,22,M,,,,
Aqul,1,25,7,17,18,M,,,,,,
Aoar,1,25,19,25,21,M,,,,,,
Atelear,1,25,20,26,18,26,25,21,M,,,
Audar,1,25,17,16,25,21,M,,,,,
Agouum,0,25,12,19,17,17,14,M,,,,
Acunar,1,25,15,17,22,25,21,M,,,,
Ehal,1,26,9,25,18,M,,,,,,
Cear,1,15,26,25,21,M,,,,,,
Arish,1,25,21,24,23,9,M,,,,,
Eirn,1,26,24,21,22,M,,,,,,
Atdir,1,25,20,16,24,21,M,,,,,
Fuhiodir,1,8,17,9,24,19,16,24,21,M,,
Aorelinn,1,25,19,21,26,18,24,22,22,M,,
Azritun,1,25,1,21,24,20,17,22,M,,,
Agotun,1,25,12,19,20,17,22,M,,,,
Gen,1,12,26,22,M,,,,,,,
Enum,1,26,22,17,14,M,,,,,,
Eorul,1,26,19,21,17,18,M,,,,,
Eqywin,1,26,7,6,2,24,22,M,,,,
Aamdun,1,25,25,14,16,17,22,M,,,,
Aglr,0,25,12,18,21,M,,,,,,
Ahothul,1,25,9,19,20,9,17,18,M,,,
Abriodon,1,25,11,21,24,19,16,19,22,M,,
Edhoar,1,26,16,9,19,25,21,M,,,,
Eshiar,1,26,23,9,24,25,21,M,,,,
Guon,1,12,17,19,22,M,,,,,,
Enohodon,1,26,22,19,9,19,16,19,22,M,,
Abulthul,1,25,11,17,18,20,9,17,18,M,,
Anonar,1,25,22,19,22,25,21,M,,,,
Cyuesh,1,15,6,17,26,23,9,M,,,,
Aolndar,1,25,19,18,22,16,25,21,M,,,
Guladir,1,12,17,18,25,16,24,21,M,,,
Esdun,1,26,23,16,17,22,M,,,,,
Eolaish,1,26,19,18,25,24,23,9,M,,,
Ciwnon,0,15,24,2,22,19,22,M,,,,
Aklidon,1,25,3,18,24,16,19,22,M,,,
Fiar,1,8,24,25,21,M,,,,,,
Etur,1,26,20,17,21,M,,,,,,
Evoful,1,26,10,19,8,17,18,M,,,,
Ahmthul,1,25,9,14,20,9,17,18,M,,,
Ebutun,1,26,11,17,20,17,22,M,,,,
Eun,1,26,17,22,M,,,,,,,
Aker,1,25,3,26,21,M,,,,,,
Eunoan,1,26,17,22,19,25,22,M,,,,
Akin,1,25,3,24,22,M,,,,,,
Asidun,1,25,23,24,16,17,22,M,,,,
Efish,1,26,8,24,23,9,M,,,,,
Ajthul,1,25,4,20,9,17,18,M,,,,
Aohiadon,1,25,19,9,24,25,16,19,22,M,,
Zelnor,1,1,26,18,22,19,21,M,,,,
Kaodon,1,3,25,19,16,19,22,M,,,,
Kemnothul,1,3,26,14,22,19,20,9,17,18,M,
Esirr,0,26,23,24,21,21,M,,,,,
Abfun,1,25,11,8,17,22,M,,,,,
Kehordun,1,3,26,9,19,21,16,17,22,M,,
Ejr,0,26,4,21,M,,,,,,,
Kan,1,3,25,22,M,,,,,,,
Urinodar,0,17,21,24,22,19,16,25,21,M,,
Ejfriin,0,26,4,8,21,24,24,22,M,,,
Kiyfiish,0,3,24,6,8,24,24,23,9,M,,
Eaindir,1,26,25,24,22,16,24,21,M,,,
Ezmtun,1,26,1,14,20,17,22,M,,,,
Zthul,1,1,20,9,17,18,M,,,,,
Zmdar,0,1,14,16,25,21,M,,,,,
Cuhil,1,15,17,9,24,18,M,,,,,
Avar,1,25,10,25,21,M,,,,,,
Azffir,0,25,1,8,8,24,21,M,,,,
Epdun,1,26,13,16,17,22,M,,,,,
Eval,1,26,10,25,18,M,,,,,,
Kuehidar,1,3,17,26,9,24,16,25,21,M,,
Geal,1,12,26,25,18,M,,,,,,
Amum,1,25,14,17,14,M,,,,,,
Esriwish,0,26,23,21,24,2,24,23,9,M,,
Ciish,1,15,24,24,23,9,M,,,,,
Azfr,0,25,1,8,21,M,,,,,,
Kohinar,1,3,19,9,24,22,25,21,M,,,
Coriish,1,15,19,21,24,24,23,9,M,,,
Ehffium,1,26,9,8,8,24,17,14,M,,,
Eqridon,1,26,7,21,24,16,19,22,M,,,
Odun,1,19,16,17,22,M,,,,,,
Agelfir,1,25,12,26,18,8,24,21,M,,,
Aelhodon,1,25,26,18,9,19,16,19,22,M,,
Ciyadon,1,15,24,6,25,16,19,22,M,,,
Ceelrr,0,15,26,26,18,21,21,M,,,,
Iiish,0,24,24,24,23,9,M,,,,,
Euiesh,1,26,17,24,26,23,9,M,,,,
Enfir,1,26,22,8,24,21,M,,,,,
Geroun,1,12,26,21,19,17,22,M,,,,
Kiar,1,3,24,25,21,M,,,,,,
Axelr,0,25,5,26,18,21,M,,,,,
Ejdar,1,26,4,16,25,21,M,,,,,
Emtun,1,26,14,20,17,22,M,,,,,
Fynl,1,8,6,22,18,M,,,,,,
Eleel,0,26,18,26,26,18,M,,,,,
Afaodir,1,25,8,25,19,16,24,21,M,,,
Gurdir,1,12,17,21,16,24,21,M,,,,
Cyrir,1,15,6,21,24,21,M,,,,,
Fidir,1,8,24,16,24,21,M,,,,,
Zor,1,1,19,21,M,,,,,,,
Emdir,1,26,14,16,24,21,M,,,,,
Koar,1,3,19,25,21,M,,,,,,
Feal,1,8,26,25,18,M,,,,,,
Einn,1,26,24,22,22,M,,,,,,
Acelal,1,25,15,26,18,25,18,M,,,,
Elum,1,26,18,17,14,M,,,,,,
Eurir,1,26,17,21,24,21,M,,,,,
Eauynar,0,26,25,17,6,22,25,21,M,,,
Auun,0,25,17,17,22,M,,,,,,
Avmar,1,25,10,14,25,21,M,,,,,
Oonar,1,19,19,22,25,21,M,,,,,
Aql,0,25,7,18,M,,,,,,,
Afinoul,1,25,8,24,22,19,17,18,M,,,
Axthul,1,25,5,20,9,17,18,M,,,,
Eayuinn,1,26,25,6,17,24,22,22,M,,,
Afur,1,25,8,17,21,M,,,,,,
Adaiish,0,25,16,25,24,24,23,9,M,,,
Aifnul,1,25,24,8,22,17,18,M,,,,
Aaiar,0,25,25,24,25,21,M,,,,,
Euar,1,26,17,25,21,M,,,,,,
Fedir,1,8,26,16,24,21,M,,,,,
Ephinur,1,26,13,9,24,22,17,21,M,,,
Ialish,1,24,25,18,24,23,9,M,,,,
Faur,1,8,25,17,21,M,,,,,,
Eoar,1,26,19,25,21,M,,,,,,
Esnmdun,0,26,23,22,14,16,17,22,M,,,
Zin,1,1,24,22,M,,,,,,,
Esrir,1,26,23,21,24,21,M,,,,,
Kiur,1,3,24,17,21,M,,,,,,
Axrlr,0,25,5,21,18,21,M,,,,,
Fuhonar,1,8,17,9,19,22,25,21,M,,,
Egyril,0,26,12,6,21,24,18,M,,,,
Goinn,1,12,19,24,22,22,M,,,,,
Acnon,1,25,15,22,19,22,M,,,,,
Giesh,1,12,24,26,23,9,M,,,,,
Ahifir,1,25,9,24,8,24,21,M,,,,
Ear,1,26,25,21,M,,,,,,,
Fooelish,0,8,19,19,26,18,24,23,9,M,,
Ariul,1,25,21,24,17,18,M,,,,,
Afdar,1,25,8,16,25,21,M,,,,,
Auar,1,25,17,25,21,M,,,,,,
Airdir,1,25,24,21,16,24,21,M,,,,
Coiinn,0,15,19,24,24,22,22,M,,,,
Xal,1,5,25,18,M,,,,,,,
Ajhoer,1,25,4,9,19,26,21,M,,,,
Efefiul,0,26,8,26,8,24,17,18,M,,,
Xnoyn,1,5,22,19,6,22,M,,,,,
Genol,1,12,26,22,19,18,M,,,,,
Ztun,1,1,20,17,22,M,,,,,,
Enesh,1,26,22,26,23,9,M,,,,,
Ejar,1,26,4,25,21,M,,,,,,
Camur,1,15,25,14,17,21,M,,,,,
Eqtun,1,26,7,20,17,22,M,,,,,
Azuar,1,25,1,17,25,21,M,,,,,
Geenar,1,12,26,26,22,25,21,M,,,,
Onrin,1,19,22,21,24,22,M,,,,,
Gorimum,1,12,19,21,24,14,17,14,M,,,
Ajfyn,1,25,4,8,6,22,M,,,,,
Aurioal,1,25,17,21,24,19,25,18,M,,,
Zlhir,0,1,18,9,24,21,M,,,,,
Agrhiish,0,25,12,21,9,24,24,23,9,M,,
Ejoesh,1,26,4,19,26,23,9,M,,,,
Esyhon,1,26,23,6,9,19,22,M,,,,
Ejuar,1,26,4,17,25,21,M,,,,,
Akfelr,0,25,3,8,26,18,21,M,,,,
Fohonar,1,8,19,9,19,22,25,21,M,,,
Anminn,1,25,22,14,24,22,22,M,,,,
Atuesh,1,25,20,17,26,23,9,M,,,,
Kenun,1,3,26,22,17,22,M,,,,,
Esnoftun,1,26,23,22,19,8,20,17,22,M,,
Aienar,1,25,24,26,22,25,21,M,,,,
Cyar,1,15,6,25,21,M,,,,,,
Eoifr,0,26,19,24,8,21,M,,,,,
Ahin,1,25,9,24,22,M,,,,,,
Aphietun,1,25,13,9,24,26,20,17,22,M,,
Akiar,1,25,3,24,25,21,M,,,,,
Abmyun,1,25,11,14,6,17,22,M,,,,
Edun,1,26,16,17,22,M,,,,,,
Ebtun,1,26,11,20,17,22,M,,,,,
Alwr,0,25,18,2,21,M,,,,,,
Gan,1,12,25,22,M,,,,,,,
Afr,0,25,8,21,M,,,,,,,
Abufum,1,25,11,17,8,17,14,M,,,,
Fielriinn,1,8,24,26,18,21,24,24,22,22,M,
Cefur,1,15,26,8,17,21,M,,,,,
Akhiiul,1,25,3,9,24,24,17,18,M,,,
Eyrinol,1,26,6,21,24,22,19,18,M,,,
Aefiinn,1,25,26,8,24,24,22,22,M,,,
Cual,1,15,17,25,18,M,,,,,,
Euoin,1,26,17,19,24,22,M,,,,,
Ephodon,1,26,13,9,19,16,19,22,M,,,
Kehielur,1,3,26,9,24,26,18,17,21,M,,
Edl,0,26,16,18,M,,,,,,,
Zwnor,0,1,2,22,19,21,M,,,,,
Adish,1,25,16,24,23,9,M,,,,,
Ebrium,1,26,11,21,24,17,14,M,,,,
Efiesh,1,26,8,24,26,23,9,M,,,,
Cuur,0,15,17,17,21,M,,,,,,
Ekish,1,26,3,24,23,9,M,,,,,
Agish,1,25,12,24,23,9,M,,,,,
Unwum,1,17,22,2,17,14,M,,,,,
Ayum,1,25,6,17,14,M,,,,,,
Emr,0,26,14,21,M,,,,,,,
Aahoal,0,25,25,9,19,25,18,M,,,,
Elnnoar,0,26,18,22,22,19,25,21,M,,,
Ernomun,0,26,21,22,19,14,17,22,M,,,
Endon,1,26,22,16,19,22,M,,,,,
Cuil,1,15,17,24,18,M,,,,,,
Ajfitun,0,25,4,8,24,20,17,22,M,,,
Ceur,1,15,26,17,21,M,,,,,,
Aanoun,1,25,25,22,19,17,22,M,,,,
Aqdon,1,25,7,16,19,22,M,,,,,
Kafum,1,3,25,8,17,14,M,,,,,
Ajlfin,1,25,4,18,8,24,22,M,,,,
Ehthul,1,26,9,20,9,17,18,M,,,,
Finlul,1,8,24,22,18,17,18,M,,,,
Yffiish,0,6,8,8,24,24,23,9,M,,,
Anfriin,1,25,22,8,21,24,24,22,M,,,
Aifdon,1,25,24,8,16,19,22,M,,,,
Kyaninn,1,3,6,25,22,24,22,22,M,,,
Aethul,1,25,26,20,9,17,18,M,,,,
Acel,1,25,15,26,18,M,,,,,,
Ceuyul,1,15,26,17,6,17,18,M,,,,
Apmelum,1,25,13,14,26,18,17,14,M,,,
Ethoidar,1,26,20,9,19,24,16,25,21,M,,
Emnelthul,1,26,14,22,26,18,20,9,17,18,M,
Apn,0,25,13,22,M,,,,,,,
Efnohitun,0,26,8,22,19,9,24,20,17,22,M,
Evur,1,26,10,17,21,M,,,,,,
Ayuetun,1,25,6,17,26,20,17,22,M,,,
Afelfur,1,25,8,26,18,8,17,21,M,,,
Cual,1,15,17,25,18,M,,,,,,
Cyur,1,15,6,17,21,M,,,,,,
Aur,1,25,17,21,M,,,,,,,
Arhorl,1,25,21,9,19,21,18,M,,,,
Aamar,1,25,25,14,25,21,M,,,,,
Fon,1,8,19,22,M,,,,,,,
Asfnar,1,25,23,8,22,25,21,M,,,,
Err,0,26,21,21,M,,,,,,,
Korr,1,3,19,21,21,M,,,,,,
Cohoesh,1,15,19,9,19,26,23,9,M,,,
Zeluun,1,1,26,18,17,17,22,M,,,,
Cuothul,1,15,17,19,20,9,17,18,M,,,
Apilish,1,25,13,24,18,24,23,9,M,,,
Aolesh,1,25,19,18,26,23,9,M,,,,
Fyanonar,1,8,6,25,22,19,22,25,21,M,,
Ear,1,26,25,21,M,,,,,,,
Gunodon,1,12,17,22,19,16,19,22,M,,,
Ciun,1,15,24,17,22,M,,,,,,
Adyum,1,25,16,6,17,14,M,,,,,
Irihitun,1,24,21,24,9,24,20,17,22,M,,
Emudir,1,26,14,17,16,24,21,M,,,,
Cyfielun,1,15,6,8,24,26,18,17,22,M,,
Euyr,1,26,17,6,21,M,,,,,,
Eiurar,1,26,24,17,21,25,21,M,,,,
Alum,1,25,18,17,14,M,,,,,,
Eomeldun,1,26,19,14,26,18,16,17,22,M,,
Eyor,1,26,6,19,21,M,,,,,,
Aselhoinn,1,25,23,26,18,9,19,24,22,22,M,
Evrr,0,26,10,21,21,M,,,,,,
Alrium,1,25,18,21,24,17,14,M,,,,
Eonar,1,26,19,22,25,21,M,,,,,
Kyal,1,3,6,25,18,M,,,,,,
Ehrrium,1,26,9,21,21,24,17,14,M,,,
Ebrish,1,26,11,21,24,23,9,M,,,,
Acririur,0,25,15,21,24,21,24,17,21,M,,
Feouar,1,8,26,19,17,25,21,M,,,,
Equn,1,26,7,17,22,M,,,,,,
Kur,1,3,17,21,M,,,,,,,
Xmen,0,5,14,26,22,M,,,,,,
Afar,1,25,8,25,21,M,,,,,,
Aqfiethul,0,25,7,8,24,26,20,9,17,18,M,
Amhoell,1,25,14,9,19,26,18,18,M,,,
Alur,1,25,18,17,21,M,,,,,,
Aktun,1,25,3,20,17,22,M,,,,,
Apyar,1,25,13,6,25,21,M,,,,,
Eslur,1,26,23,18,17,21,M,,,,,
Alar,1,25,18,25,21,M,,,,,,
Erriul,1,26,21,21,24,17,18,M,,,,
Xur,1,5,17,21,M,,,,,,,
Ann,0,25,22,22,M,,,,,,,
Ecun,1,26,15,17,22,M,,,,,,
Xwr,0,5,2,21,M,,,,,,,
Cofiyar,1,15,19,8,24,6,25,21,M,,,
Geful,1,12,26,8,17,18,M,,,,,
Ehiar,1,26,9,24,25,21,M,,,,,
Ekhiar,1,26,3,9,24,25,21,M,,,,
Aeulthul,1,25,26,17,18,20,9,17,18,M,,
Aolol,1,25,19,18,19,18,M,,,,,
Cirwinn,1,15,24,21,2,24,22,22,M,,,
Gedar,1,12,26,16,25,21,M,,,,,
Far,1,8,25,21,M,,,,,,,
Eifidar,1,26,24,8,24,16,25,21,M,,,
Esul,1,26,23,17,18,M,,,,,,
Eguoesh,1,26,12,17,19,26,23,9,M,,,
Auanoal,1,25,17,25,22,19,25,18,M,,,
Agdir,1,25,12,16,24,21,M,,,,,
Goish,1,12,19,24,23,9,M,,,,,
Gyful,1,12,6,8,17,18,M,,,,,
Fyydir,0,8,6,6,16,24,21,M,,,,
Epwenar,1,26,13,2,26,22,25,21,M,,,
Ecwhoul,1,26,15,2,9,19,17,18,M,,,
Etythul,1,26,20,6,20,9,17,18,M,,,
Eziul,1,26,1,24,17,18,M,,,,,
Err,0,26,21,21,M,,,,,,,
Al,0,25,18,M,,,,,,,,
Iell,0,24,26,18,18,M,,,,,,
Ahlthul,1,25,9,18,20,9,17,18,M,,,
Etnar,1,26,20,22,25,21,M,,,,,
Fofwish,0,8,19,8,2,24,23,9,M,,,
Annun,1,25,22,22,17,22,M,,,,,
Ehyinn,1,26,9,6,24,22,22,M,,,,
Cefiyul,1,15,26,8,24,6,17,18,M,,,
Cun,0,15,17,22,M,,,,,,,
Elnnoul,1,26,18,22,22,19,17,18,M,,,
Aroaar,0,25,21,19,25,25,21,M,,,,
Adhoar,1,25,16,9,19,25,21,M,,,,
Goish,1,12,19,24,23,9,M,,,,,
Ehen,1,26,9,26,22,M,,,,,,
Ulum,1,17,18,17,14,M,,,,,,
Efwar,1,26,8,2,25,21,M,,,,,
Caar,1,15,25,25,21,M,,,,,,
Aduhiar,1,25,16,17,9,24,25,21,M,,,
Conhoar,1,15,19,22,9,19,25,21,M,,,
Cyar,1,15,6,25,21,M,,,,,,
Asfinn,1,25,23,8,24,22,22,M,,,,
Aeum,1,25,26,17,14,M,,,,,,
Finofidun,1,8,24,22,19,8,24,16,17,22,M,
Eowur,1,26,19,2,17,21,M,,,,,
Elinnar,1,26,18,24,22,22,25,21,M,,,
Azal,1,25,1,25,18,M,,,,,,
Eswml,0,26,23,2,14,18,M,,,,,
Zthul,1,1,20,9,17,18,M,,,,,
Eziaul,1,26,1,24,25,17,18,M,,,,
Oal,1,19,25,18,M,,,,,,,
Axnoul,1,25,5,22,19,17,18,M,,,,
Aldon,1,25,18,16,19,22,M,,,,,
Eftun,1,26,8,20,17,22,M,,,,,
Amdar,1,25,14,16,25,21,M,,,,,
Edwnar,1,26,16,2,22,25,21,M,,,,
Uelodun,1,17,26,18,19,16,17,22,M,,,
Amriil,1,25,14,21,24,24,18,M,,,,
Cen,1,15,26,22,M,,,,,,,
Ezothul,1,26,1,19,20,9,17,18,M,,,
Ahohor,0,25,9,19,9,19,21,M,,,,
Esahonar,1,26,23,25,9,19,22,25,21,M,,
Kueum,1,3,17,26,17,14,M,,,,,
Kafn,1,3,25,8,22,M,,,,,,
Abrdun,1,25,11,21,16,17,22,M,,,,
Aeon,1,25,26,19,22,M,,,,,,
Cefihin,1,15,26,8,24,9,24,22,M,,,
Aslinn,1,25,23,18,24,22,22,M,,,,
Kalndar,1,3,25,18,22,16,25,21,M,,,
Eflyn,1,26,8,18,6,22,M,,,,,
Atlhodun,1,25,20,18,9,19,16,17,22,M,,
Elr,0,26,18,21,M,,,,,,,
Adnoesh,1,25,16,22,19,26,23,9,M,,,
Emwfinn,0,26,14,2,8,24,22,22,M,,,
Atfiathul,0,25,20,8,24,25,20,9,17,18,M,
Kaein,1,3,25,26,24,22,M,,,,,
Allar,1,25,18,18,25,21,M,,,,,
Etfnoum,0,26,20,8,22,19,17,14,M,,,
Aznomesh,1,25,1,22,19,14,26,23,9,M,,
Atr,0,25,20,21,M,,,,,,,
Zfydon,0,1,8,6,16,19,22,M,,,,
Cear,1,15,26,25,21,M,,,,,,
Amwthul,1,25,14,2,20,9,17,18,M,,,
Eduun,1,26,16,17,17,22,M,,,,,
Aual,1,25,17,25,18,M,,,,,,
Aghor,1,25,12,9,19,21,M,,,,,
Aawldon,1,25,25,2,18,16,19,22,M,,,
Ahthul,1,25,9,20,9,17,18,M,,,,
Edfidun,1,26,16,8,24,16,17,22,M,,,
Cenar,1,15,26,22,25,21,M,,,,,
Ezrirdar,0,26,1,21,24,21,16,25,21,M,,
Eoewl,1,26,19,26,2,18,M,,,,,
Ehoeesh,0,26,9,19,26,26,23,9,M,,,
Cadar,1,15,25,16,25,21,M,,,,,
Cunodar,1,15,17,22,19,16,25,21,M,,,
Coonar,0,15,19,19,22,25,21,M,,,,
Girlinn,1,12,24,21,18,24,22,22,M,,,
Ajar,1,25,4,25,21,M,,,,,,
Ihoin,1,24,9,19,24,22,M,,,,,
Esnl,0,26,23,22,18,M,,,,,,
Aohon,1,25,19,9,19,22,M,,,,,
Abodir,1,25,11,19,16,24,21,M,,,,
Egish,1,26,12,24,23,9,M,,,,,
Oin,1,19,24,22,M,,,,,,,
Ajul,1,25,4,17,18,M,,,,,,
Kaal,1,3,25,25,18,M,,,,,,
Alminn,1,25,18,14,24,22,22,M,,,,
Avriridun,0,25,10,21,24,21,24,16,17,22,M,
Ezal,1,26,1,25,18,M,,,,,,
Unor,1,17,22,19,21,M,,,,,,
Adnhil,1,25,16,22,9,24,18,M,,,,
Feron,1,8,26,21,19,22,M,,,,,
Kyfn,0,3,6,8,22,M,,,,,,
Acnlur,1,25,15,22,18,17,21,M,,,,
Gein,1,12,26,24,22,M,,,,,,
Gorihiur,1,12,19,21,24,9,24,17,21,M,,
Ydon,1,6,16,19,22,M,,,,,,
Egun,1,26,12,17,22,M,,,,,,
Andun,1,25,22,16,17,22,M,,,,,
Aoelol,0,25,19,26,18,19,18,M,,,,
Ehr,0,26,9,21,M,,,,,,,
Keur,1,3,26,17,21,M,,,,,,
Arnoaur,0,25,21,22,19,25,17,21,M,,,
Fauadir,1,8,25,17,25,16,24,21,M,,,
Evr,0,26,10,21,M,,,,,,,
Ehin,1,26,9,24,22,M,,,,,,
Aydir,1,25,6,16,24,21,M,,,,,
Ahn,0,25,9,22,M,,,,,,,
Kyeyr,0,3,6,26,6,21,M,,,,,
Eumutun,1,26,17,14,17,20,17,22,M,,,
Feuythul,1,8,26,17,6,20,9,17,18,M,,
Fyeal,1,8,6,26,25,18,M,,,,,
Eydar,1,26,6,16,25,21,M,,,,,
Azur,1,25,1,17,21,M,,,,,,
Abthul,1,25,11,20,9,17,18,M,,,,
Cudir,1,15,17,16,24,21,M,,,,,
Fiar,1,8,24,25,21,M,,,,,,
Asoul,1,25,23,19,17,18,M,,,,,
Efesh,1,26,8,26,23,9,M,,,,,
Aemmr,0,25,26,14,14,21,M,,,,,
Eqafidon,1,26,7,25,8,24,16,19,22,M,,
Eyeul,1,26,6,26,17,18,M,,,,,
Iinn,0,24,24,22,22,M,,,,,,
Fennesh,1,8,26,22,22,26,23,9,M,,,
Xnodar,0,5,22,19,16,25,21,M,,,,
Geelmdun,0,12,26,26,18,14,16,17,22,M,,
Caorin,1,15,25,19,21,24,22,M,,,,
Ebundir,1,26,11,17,22,16,24,21,M,,,
Cirmesh,1,15,24,21,14,26,23,9,M,,,
Axrtun,0,25,5,21,20,17,22,M,,,,
Eqornar,0,26,7,19,21,22,25,21,M,,,
Alish,1,25,18,24,23,9,M,,,,,
Iiidir,0,24,24,24,16,24,21,M,,,,
Adish,1,25,16,24,23,9,M,,,,,
Koul,1,3,19,17,18,M,,,,,,
Kil,1,3,24,18,M,,,,,,,
Ear,1,26,25,21,M,,,,,,,
Atmdun,,25,20,14,16,17,22,M,,,,
Faaal,,8,25,25,25,18,M,,,,,
Kiaridun,,3,24,25,21,24,16,17,22,M,,
Cidir,,15,24,16,24,21,M,,,,,
Eifilnar,,26,24,8,24,18,22,25,21,M,,
Eofelesh,,26,19,8,26,18,26,23,9,M,,
Enar,,26,22,25,21,M,,,,,,
Geail,,12,26,25,24,18,M,,,,,
Ehal,,26,9,25,18,M,,,,,,
Kihiar,,3,24,9,24,25,21,M,,,,
Godar,,12,19,16,25,21,M,,,,,
Kiwnoinn,,3,24,2,22,19,24,22,22,M,,
Abriin,,25,11,21,24,24,22,M,,,,
Aqaaish,,25,7,25,25,24,23,9,M,,,
Aolfitun,,25,19,18,8,24,20,17,22,M,,
Etl,,26,20,18,M,,,,,,,
Urfiar,,17,21,8,24,25,21,M,,,,
Endir,,26,22,16,24,21,M,,,,,
Canedun,,15,25,22,26,16,17,22,M,,,
Farl,,8,25,21,18,M,,,,,,
Abrirish,,25,11,21,24,21,24,23,9,M,,
Iar,,24,25,21,M,,,,,,,
Aulinn,,25,17,18,24,22,22,M,,,,
Ecfidon,,26,15,8,24,16,19,22,M,,,
Ereelr,,26,21,26,26,18,21,M,,,,
Epmldon,,26,13,14,18,16,19,22,M,,,
Eqmrr,,26,7,14,21,21,M,,,,,
Cunotun,,15,17,22,19,20,17,22,M,,,
Ferir,,8,26,21,24,21,M,,,,,
Fynofish,,8,6,22,19,8,24,23,9,M,,
Almur,,25,18,14,17,21,M,,,,,
Aqelfitun,,25,7,26,18,8,24,20,17,22,M,
Ahmhol,,25,9,14,9,19,18,M,,,,
Kerioun,,3,26,21,24,19,17,22,M,,,
Ebeluar,,26,11,26,18,17,25,21,M,,,
Elfidar,,26,18,8,24,16,25,21,M,,,
Erhiar,,26,21,9,24,25,21,M,,,,
Echoaar,,26,15,9,19,25,25,21,M,,,
Erfiar,,26,21,8,24,25,21,M,,,,
Ahyish,,25,9,6,24,23,9,M,,,,
Earmun,,26,25,21,14,17,22,M,,,,
Aurifil,,25,17,21,24,8,24,18,M,,,
Iar,,24,25,21,M,,,,,,,
Eiul,,26,24,17,18,M,,,,,,
Gir,,12,24,21,M,,,,,,,
Asinn,,25,23,24,22,22,M,,,,,
Gufiynar,,12,17,8,24,6,22,25,21,M,,
Eoar,,26,19,25,21,M,,,,,,
Eval,,26,10,25,18,M,,,,,,
Falin,,8,25,18,24,22,M,,,,,
Oelfnar,,19,26,18,8,22,25,21,M,,,
Carfin,,15,25,21,8,24,22,M,,,,
Evnum,,26,10,22,17,14,M,,,,,
Xwnoish,,5,2,22,19,24,23,9,M,,,
Eqonr,,26,7,19,22,21,M,,,,,
Axur,,25,5,17,21,M,,,,,,
Eothul,,26,19,20,9,17,18,M,,,,
Fiwelun,,8,24,2,26,18,17,22,M,,,
Ailmul,,25,24,18,14,17,18,M,,,,
Oul,,19,17,18,M,,,,,,,
Fium,,8,24,17,14,M,,,,,,
Edielum,,26,16,24,26,18,17,14,M,,,
Aariuish,,25,25,21,24,17,24,23,9,M,,
Enyul,,26,22,6,17,18,M,,,,,
Car,,15,25,21,M,,,,,,,
Aeish,,25,26,24,23,9,M,,,,,
Ebwr,,26,11,2,21,M,,,,,,
Aloish,,25,18,19,24,23,9,M,,,,
Camnodun,,15,25,14,22,19,16,17,22,M,,
Aiwthul,,25,24,2,20,9,17,18,M,,,
Eiish,,26,24,24,23,9,M,,,,,
Aymrul,,25,6,14,21,17,18,M,,,,
Ashitun,,25,23,9,24,20,17,22,M,,,
Ayur,,25,6,17,21,M,,,,,,
Eidir,,26,24,16,24,21,M,,,,,
Asn,,25,23,22,M,,,,,,,
Airiresh,,25,24,21,24,21,26,23,9,M,,
Apydir,,25,13,6,16,24,21,M,,,,
Aktun,,25,3,20,17,22,M,,,,,
Ekuiinn,,26,3,17,24,24,22,22,M,,,
Eyinour,,26,6,24,22,19,17,21,M,,,
Enum,,26,22,17,14,M,,,,,,
Faeldon,,8,25,26,18,16,19,22,M,,,
Owun,,19,2,17,22,M,,,,,,
Evl,,26,10,18,M,,,,,,,
Atweltun,,25,20,2,26,18,20,17,22,M,,
Emnnoesh,,26,14,22,22,19,26,23,9,M,,
Enlr,,26,22,18,21,M,,,,,,
Xnar,,5,22,25,21,M,,,,,,
Eumdun,,26,17,14,16,17,22,M,,,,
Eqdar,,26,7,16,25,21,M,,,,,
Cefium,,15,26,8,24,17,14,M,,,,
Eztun,,26,1,20,17,22,M,,,,,
Amear,,25,14,26,25,21,M,,,,,
Arynnar,,25,21,6,22,22,25,21,M,,,
Oar,,19,25,21,M,,,,,,,
Amehoun,,25,14,26,9,19,17,22,M,,,
Anfn,,25,22,8,22,M,,,,,,
Apun,,25,13,17,22,M,,,,,,
Alldar,,25,18,18,16,25,21,M,,,,
Ceofish,,15,26,19,8,24,23,9,M,,,
Ahhiwum,,25,9,9,24,2,17,14,M,,,
Gunldon,,12,17,22,18,16,19,22,M,,,
Epmr,,26,13,14,21,M,,,,,,
Gedun,,12,26,16,17,22,M,,,,,
Cuoar,,15,17,19,25,21,M,,,,,
Aaur,,25,25,17,21,M,,,,,,
Utun,,17,20,17,22,M,,,,,,
Gerhium,,12,26,21,9,24,17,14,M,,,
Azhoar,,25,1,9,19,25,21,M,,,,
Ger,,12,26,21,M,,,,,,,
Eiin,,26,24,24,22,M,,,,,,
Emfium,,26,14,8,24,17,14,M,,,,
Ebnonum,,26,11,22,19,22,17,14,M,,,
Adndar,,25,16,22,16,25,21,M,,,,
Catun,,15,25,20,17,22,M,,,,,
Euhinonar,,26,17,9,24,22,19,22,25,21,M,
Aaaur,,25,25,25,17,21,M,,,,,
Apdar,,25,13,16,25,21,M,,,,,
Efiish,,26,8,24,24,23,9,M,,,,
Egrish,,26,12,21,24,23,9,M,,,,
Geonoesh,,12,26,19,22,19,26,23,9,M,,
Addir,,25,16,16,24,21,M,,,,,
Enriesh,,26,22,21,24,26,23,9,M,,,
Fyeeur,,8,6,26,26,17,21,M,,,,
Eryuar,,26,21,6,17,25,21,M,,,,
Etlar,,26,20,18,25,21,M,,,,,
Korldar,,3,19,21,18,16,25,21,M,,,
Asur,,25,23,17,21,M,,,,,,
Asadir,,25,23,25,16,24,21,M,,,,
Abrifr,,25,11,21,24,8,21,M,,,,
Atlish,,25,20,18,24,23,9,M,,,,
Zefinar,,1,26,8,24,22,25,21,M,,,
Ehhowdon,,26,9,9,19,2,16,19,22,M,,
Eresh,,26,21,26,23,9,M,,,,,
Elfur,,26,18,8,17,21,M,,,,,
Eiinn,,26,24,24,22,22,M,,,,,
Ethofun,,26,20,9,19,8,17,22,M,,,
Guelrium,,12,17,26,18,21,24,17,14,M,,
Eywhour,,26,6,2,9,19,17,21,M,,,
Ekyr,,26,3,6,21,M,,,,,,
Aqtun,,25,7,20,17,22,M,,,,,
Cotun,,15,19,20,17,22,M,,,,,
Koesh,,3,19,26,23,9,M,,,,,
Afdar,,25,8,16,25,21,M,,,,,
Erienar,,26,21,24,26,22,25,21,M,,,
Eryul,,26,21,6,17,18,M,,,,,
Axyhol,,25,5,6,9,19,18,M,,,,
Gadun,,12,25,16,17,22,M,,,,,
Euohoinn,,26,17,19,9,19,24,22,22,M,,
Gawthul,,12,25,2,20,9,17,18,M,,,
Eun,,26,17,22,M,,,,,,,
Apur,,25,13,17,21,M,,,,,,
Cehiinn,,15,26,9,24,24,22,22,M,,,
Kaawdon,,3,25,25,2,16,19,22,M,,,
Eylun,,26,6,18,17,22,M,,,,,
Acooinn,,25,15,19,19,24,22,22,M,,,
Azleltun,,25,1,18,26,18,20,17,22,M,,
Ajriar,,25,4,21,24,25,21,M,,,,
Aifil,,25,24,8,24,18,M,,,,,
Aydar,,25,6,16,25,21,M,,,,,
Gairithul,,12,25,24,21,24,20,9,17,18,M,
Ceridun,,15,26,21,24,16,17,22,M,,,
Evdar,,26,10,16,25,21,M,,,,,
Kyr,,3,6,21,M,,,,,,,
Ezinn,,26,1,24,22,22,M,,,,,
Kahifthul,,3,25,9,24,8,20,9,17,18,M,
Aqelnol,,25,7,26,18,22,19,18,M,,,
Feum,,8,26,17,14,M,,,,,,
Gyeen,,12,6,26,26,22,M,,,,,
Fyun,,8,6,17,22,M,,,,,,
Evrul,,26,10,21,17,18,M,,,,,
Afur,,25,8,17,21,M,,,,,,
Axeluar,,25,5,26,18,17,25,21,M,,,
Couelul,,15,19,17,26,18,17,18,M,,,
Ayhiudun,,25,6,9,24,17,16,17,22,M,,
Akar,,25,3,25,21,M,,,,,,
Xar,,5,25,21,M,,,,,,,
Eroridir,,26,21,19,21,24,16,24,21,M,,
Axfinotun,,25,5,8,24,22,19,20,17,22,M,
Atfiar,,25,20,8,24,25,21,M,,,,
Edelor,,26,16,26,18,19,21,M,,,,
Enrium,,26,22,21,24,17,14,M,,,,
Godir,,12,19,16,24,21,M,,,,,
Aoydon,,25,19,6,16,19,22,M,,,,
Evmdir,,26,10,14,16,24,21,M,,,,
Cifuul,,15,24,8,17,17,18,M,,,,
Geainar,,12,26,25,24,22,25,21,M,,,
Azfyal,,25,1,8,6,25,18,M,,,,
Acyfiul,,25,15,6,8,24,17,18,M,,,
Azhinnar,,25,1,9,24,22,22,25,21,M,,
Eshowal,,26,23,9,19,2,25,18,M,,,
Abenar,,25,11,26,22,25,21,M,,,,
Zmish,,1,14,24,23,9,M,,,,,
Apdir,,25,13,16,24,21,M,,,,,
Kul,,3,17,18,M,,,,,,,
Cyffiul,,15,6,8,8,24,17,18,M,,,
Athithul,,25,20,9,24,20,9,17,18,M,,
Amldir,,25,14,18,16,24,21,M,,,,
Eahiul,,26,25,9,24,17,18,M,,,,
Evythul,,26,10,6,20,9,17,18,M,,,
Ashidir,,25,23,9,24,16,24,21,M,,,
Epn,,26,13,22,M,,,,,,,
Axrial,,25,5,21,24,25,18,M,,,,
Ethidun,,26,20,9,24,16,17,22,M,,,
Gymdar,,12,6,14,16,25,21,M,,,,
Aznun,,25,1,22,17,22,M,,,,,
Atrdon,,25,20,21,16,19,22,M,,,,
Emelin,,26,14,26,18,24,22,M,,,,
Udar,,17,16,25,21,M,,,,,,
Efesh,,26,8,26,23,9,M,,,,,
Ebnar,,26,11,22,25,21,M,,,,,
Abdir,,25,11,16,24,21,M,,,,,
Eial,,26,24,25,18,M,,,,,,
Gilnar,,12,24,18,22,25,21,M,,,,
Aeelmr,,25,26,26,18,14,21,M,,,,
Amoin,,25,14,19,24,22,M,,,,,
Aznfidun,,25,1,22,8,24,16,17,22,M,,
Kirin,,3,24,21,24,22,M,,,,,
Achoriur,,25,15,9,19,21,24,17,21,M,,
Oum,,19,17,14,M,,,,,,,
Evtun,,26,10,20,17,22,M,,,,,
Ztun,,1,20,17,22,M,,,,,,
Gir,,12,24,21,M,,,,,,,
Evfifiar,,26,10,8,24,8,24,25,21,M,,
Eln,,26,18,22,M,,,,,,,
Xesh,,5,26,23,9,M,,,,,,
Gayhol,,12,25,6,9,19,18,M,,,,
Ebdun,,26,11,16,17,22,M,,,,,
Olnr,,19,18,22,21,M,,,,,,
Ayrl,,25,6,21,18,M,,,,,,
Ecnohothul,,26,15,22,19,9,19,20,9,17,18,M
Elal,,26,18,25,18,M,,,,,,
Ahainn,,25,9,25,24,22,22,M,,,,
Guish,,12,17,24,23,9,M,,,,,
Gehoar,,12,26,9,19,25,21,M,,,,
Iish,,24,24,23,9,M,,,,,,
Aaafur,,25,25,25,8,17,21,M,,,,
Cielnar,,15,24,26,18,22,25,21,M,,,
Aresh,,25,21,26,23,9,M,,,,,
Afdar,,25,8,16,25,21,M,,,,,
Eknotun,,26,3,22,19,20,17,22,M,,,
Eoel,,26,19,26,18,M,,,,,,
Culoesh,,15,17,18,19,26,23,9,M,,,
Filhial,,8,24,18,9,24,25,18,M,,,
Alhidir,,25,18,9,24,16,24,21,M,,,
Effihoesh,,26,8,8,24,9,19,26,23,9,M,
Atnondir,,25,20,22,19,22,16,24,21,M,,
Eoelal,,26,19,26,18,25,18,M,,,,
Edun,,26,16,17,22,M,,,,,,
Ymin,,6,14,24,22,M,,,,,,
Eatun,,26,25,20,17,22,M,,,,,
Acemn,,25,15,26,14,22,M,,,,,
Ekn,,26,3,22,M,,,,,,,
Gonish,,12,19,22,24,23,9,M,,,,
Fyowthul,,8,6,19,2,20,9,17,18,M,,
Aeriul,,25,26,21,24,17,18,M,,,,
Ehlr,,26,9,18,21,M,,,,,,
Gurion,,12,17,21,24,19,22,M,,,,
Ferdir,,8,26,21,16,24,21,M,,,,
Cathul,,15,25,20,9,17,18,M,,,,
Kullar,,3,17,18,18,25,21,M,,,,
Cuwun,,15,17,2,17,22,M,,,,,
Goish,,12,19,24,23,9,M,,,,,
Kyladir,,3,6,18,25,16,24,21,M,,,
Aitun,,25,24,20,17,22,M,,,,,
Feywn,,8,26,6,2,22,M,,,,,
Avhondun,,25,10,9,19,22,16,17,22,M,,
Aywlal,,25,6,2,18,25,18,M,,,,
Edwish,,26,16,2,24,23,9,M,,,,
Evhiish,,26,10,9,24,24,23,9,M,,,
Apriudar,,25,13,21,24,17,16,25,21,M,,
Xur,,5,17,21,M,,,,,,,
Ilr,,24,18,21,M,,,,,,,
Epelwthul,,26,13,26,18,2,20,9,17,18,M,
Gurun,,12,17,21,17,22,M,,,,,
Kimfr,,3,24,14,8,21,M,,,,,
Kumar,,3,17,14,25,21,M,,,,,
Caum,,15,25,17,14,M,,,,,,
Gaelhotun,,12,25,26,18,9,19,20,17,22,M,
Fualinn,,8,17,25,18,24,22,22,M,,,
Canooinn,,15,25,22,19,19,24,22,22,M,,
Ythul,,6,20,9,17,18,M,,,,,
Ageltun,,25,12,26,18,20,17,22,M,,,
Codun,,15,19,16,17,22,M,,,,,
Cauen,,15,25,17,26,22,M,,,,,
Ceenesh,,15,26,26,22,26,23,9,M,,,
Foffl,,8,19,8,8,18,M,,,,,
Gahoodir,,12,25,9,19,19,16,24,21,M,,
Effir,,26,8,8,24,21,M,,,,,
Gamhiar,,12,25,14,9,24,25,21,M,,,
Amful,,25,14,8,17,18,M,,,,,
Camr,,15,25,14,21,M,,,,,,
Zthul,,1,20,9,17,18,M,,,,,
Ejlmdar,,26,4,18,14,16,25,21,M,,,
Ahesh,,25,9,26,23,9,M,,,,,
Cenithul,,15,26,22,24,20,9,17,18,M,,
Eaoesh,,26,25,19,26,23,9,M,,,,
Asesh,,25,23,26,23,9,M,,,,,
Eirhir,,26,24,21,9,24,21,M,,,,
Ebnar,,26,11,22,25,21,M,,,,,
Aoorun,,25,19,19,21,17,22,M,,,,
Epfiedar,,26,13,8,24,26,16,25,21,M,,
Asaelal,,25,23,25,26,18,25,18,M,,,
Eyfir,,26,6,8,24,21,M,,,,,
Iyar,,24,6,25,21,M,,,,,,
Eafir,,26,25,8,24,21,M,,,,,
Azithul,,25,1,24,20,9,17,18,M,,,
Aqoein,,25,7,19,26,24,22,M,,,,
Fenyul,,8,26,22,6,17,18,M,,,,
Femer,,8,26,14,26,21,M,,,,,
Afdun,,25,8,16,17,22,M,,,,,
Abair,,25,11,25,24,21,M,,,,,
Xul,,5,17,18,M,,,,,,,
Ekilal,,26,3,24,18,25,18,M,,,,
Oridir,,19,21,24,16,24,21,M,,,,
Cononar,,15,19,22,19,22,25,21,M,,,
Kehiedir,,3,26,9,24,26,16,24,21,M,,
Aimn,,25,24,14,22,M,,,,,,
Cewum,,15,26,2,17,14,M,,,,,
Cuaar,,15,17,25,25,21,M,,,,,
Fothul,,8,19,20,9,17,18,M,,,,
Canin,,15,25,22,24,22,M,,,,,
Foayar,,8,19,25,6,25,21,M,,,,
Adelum,,25,16,26,18,17,14,M,,,,
Eueldar,,26,17,26,18,16,25,21,M,,,
Koletun,,3,19,18,26,20,17,22,M,,,
Aramdun,,25,21,25,14,16,17,22,M,,,
Efhiul,,26,8,9,24,17,18,M,,,,
Eanoir,,26,25,22,19,24,21,M,,,,
Cyhiudir,,15,6,9,24,17,16,24,21,M,,
Eyriinn,,26,6,21,24,24,22,22,M,,,
Ecin,,26,15,24,22,M,,,,,,
Ardir,,25,21,16,24,21,M,,,,,
Atn,,25,20,22,M,,,,,,,
Uear,,17,26,25,21,M,,,,,,
Aprial,,25,13,21,24,25,18,M,,,,
Iyr,,24,6,21,M,,,,,,,
Evladar,,26,10,18,25,16,25,21,M,,,
Yyar,,6,6,25,21,M,,,,,,
Kaun,,3,25,17,22,M,,,,,,
Aadar,,25,25,16,25,21,M,,,,,
Aaun,,25,25,17,22,M,,,,,,
Arl,,25,21,18,M,,,,,,,
Iish,,24,24,23,9,M,,,,,,
Esl,,26,23,18,M,,,,,,,
Afenar,,25,8,26,22,25,21,M,,,,
Goridir,,12,19,21,24,16,24,21,M,,,
Ehish,,26,9,24,23,9,M,,,,,
Apan,,25,13,25,22,M,,,,,,
Fuelar,,8,17,26,18,25,21,M,,,,
Apfiesh,,25,13,8,24,26,23,9,M,,,
Ceiftun,,15,26,24,8,20,17,22,M,,,
Eqhoinn,,26,7,9,19,24,22,22,M,,,
Gymridar,,12,6,14,21,24,16,25,21,M,,
Ajelfin,,25,4,26,18,8,24,22,M,,,
Canoar,,15,25,22,19,25,21,M,,,,
Eofihil,,26,19,8,24,9,24,18,M,,,
Ehrl,,26,9,21,18,M,,,,,,
Efaesh,,26,8,25,26,23,9,M,,,,
Esueesh,,26,23,17,26,26,23,9,M,,,
Effinon,,26,8,8,24,22,19,22,M,,,
Ezdon,,26,1,16,19,22,M,,,,,
Enofium,,26,22,19,8,24,17,14,M,,,
Apmin,,25,13,14,24,22,M,,,,,
Fufndir,,8,17,8,22,16,24,21,M,,,
Efelfil,,26,8,26,18,8,24,18,M,,,
Oelar,,19,26,18,25,21,M,,,,,
Egur,,26,12,17,21,M,,,,,,
Atal,,25,20,25,18,M,,,,,,
Evrn,,26,10,21,22,M,,,,,,
Eallesh,,26,25,18,18,26,23,9,M,,,
Ejain,,26,4,25,24,22,M,,,,,
Zfifium,,1,8,24,8,24,17,14,M,,,
Ginl,,12,24,22,18,M,,,,,,
Akfihodon,,25,3,8,24,9,19,16,19,22,M,
Akriwr,,25,3,21,24,2,21,M,,,,
Ebhofiul,,26,11,9,19,8,24,17,18,M,,
Fuelodir,,8,17,26,18,19,16,24,21,M,,
Kiain,,3,24,25,24,22,M,,,,,
Fuuin,,8,17,17,24,22,M,,,,,
Xoelur,,5,19,26,18,17,21,M,,,,
Ezn,,26,1,22,M,,,,,,,
Aedar,,25,26,16,25,21,M,,,,,
Ezdir,,26,1,16,24,21,M,,,,,
Avyiul,,25,10,6,24,17,18,M,,,,
Auar,,25,17,25,21,M,,,,,,
Evrlin,,26,10,21,18,24,22,M,,,,
Geur,,12,26,17,21,M,,,,,,
Gunonesh,,12,17,22,19,22,26,23,9,M,,
Agmdir,,25,12,14,16,24,21,M,,,,
Calfthul,,15,25,18,8,20,9,17,18,M,,
Cyeaur,,15,6,26,25,17,21,M,,,,
Ir,,24,21,M,,,,,,,,
Avdar,,25,10,16,25,21,M,,,,,
Fuir,,8,17,24,21,M,,,,,,
Eathul,,26,25,20,9,17,18,M,,,,
Kalwish,,3,25,18,2,24,23,9,M,,,
Efyesh,,26,8,6,26,23,9,M,,,,
Kiur,,3,24,17,21,M,,,,,,
Epeell,,26,13,26,26,18,18,M,,,,
Elnfidir,,26,18,22,8,24,16,24,21,M,,
Eeldar,,26,26,18,16,25,21,M,,,,
Xmhiar,,5,14,9,24,25,21,M,,,,
Aun,,25,17,22,M,,,,,,,
Aluesh,,25,18,17,26,23,9,M,,,,
Ekriar,,26,3,21,24,25,21,M,,,,
Feiyul,,8,26,24,6,17,18,M,,,,
Alish,,25,18,24,23,9,M,,,,,
Abithul,,25,11,24,20,9,17,18,M,,,
Enrium,,26,22,21,24,17,14,M,,,,
Asufidir,,25,23,17,8,24,16,24,21,M,,
Eor,,26,19,21,M,,,,,,,
Akmun,,25,3,14,17,22,M,,,,,
Amul,,25,14,17,18,M,,,,,,
Ejriml,,26,4,21,24,14,18,M,,,,
Xmr,,5,14,21,M,,,,,,,
Abnofdon,,25,11,22,19,8,16,19,22,M,,
Cethul,,15,26,20,9,17,18,M,,,,
Amnar,,25,14,22,25,21,M,,,,,
Egdir,,26,12,16,24,21,M,,,,,
Ediish,,26,16,24,24,23,9,M,,,,
Caeldon,,15,25,26,18,16,19,22,M,,,
Cial,,15,24,25,18,M,,,,,,
Fynotun,,8,6,22,19,20,17,22,M,,,
Esar,,26,23,25,21,M,,,,,,
Gyrun,,12,6,21,17,22,M,,,,,
Akoul,,25,3,19,17,18,M,,,,,
Eudon,,26,17,16,19,22,M,,,,,
Abnoen,,25,11,22,19,26,22,M,,,,
Ayesh,,25,6,26,23,9,M,,,,,
Emrlr,,26,14,21,18,21,M,,,,,
Faar,,8,25,25,21,M,,,,,,
Aqfdar,,25,7,8,16,25,21,M,,,,
Kumhir,,3,17,14,9,24,21,M,,,,
Axuridar,,25,5,17,21,24,16,25,21,M,,
Fowar,,8,19,2,25,21,M,,,,,
Fiin,,8,24,24,22,M,,,,,,
Auunar,,25,17,17,22,25,21,M,,,,
Eaedon,,26,25,26,16,19,22,M,,,,
Ebnr,,26,11,22,21,M,,,,,,
Euriesh,,26,17,21,24,26,23,9,M,,,
Eznoesh,,26,1,22,19,26,23,9,M,,,
Ecnun,,26,15,22,17,22,M,,,,,
Iihiur,,24,24,9,24,17,21,M,,,,
Axiriinn,,25,5,24,21,24,24,22,22,M,,
Cyfimr,,15,6,8,24,14,21,M,,,,
Cuun,,15,17,17,22,M,,,,,,
Girinn,,12,24,21,24,22,22,M,,,,
Ellthul,,26,18,18,20,9,17,18,M,,,
Kariur,,3,25,21,24,17,21,M,,,,
Adeldun,,25,16,26,18,16,17,22,M,,,
Aganoar,,25,12,25,22,19,25,21,M,,,
Furiaul,,8,17,21,24,25,17,18,M,,,
Guhonar,,12,17,9,19,22,25,21,M,,,
Asnoin,,25,23,22,19,24,22,M,,,,
Karr,,3,25,21,21,M,,,,,,
Ecoish,,26,15,19,24,23,9,M,,,,
Egum,,26,12,17,14,M,,,,,,
Gyhiish,,12,6,9,24,24,23,9,M,,,
Akish,,25,3,24,23,9,M,,,,,
Aqaridun,,25,7,25,21,24,16,17,22,M,,
Aiell,,25,24,26,18,18,M,,,,,
Edin,,26,16,24,22,M,,,,,,
Egil,,26,12,24,18,M,,,,,,
Egmnoesh,,26,12,14,22,19,26,23,9,M,,
Abelhiin,,25,11,26,18,9,24,24,22,M,,
Eyriwr,,26,6,21,24,2,21,M,,,,
Kiar,,3,24,25,21,M,,,,,,
Axiear,,25,5,24,26,25,21,M,,,,
Alesh,,25,18,26,23,9,M,,,,,
Cefun,,15,26,8,17,22,M,,,,,
Eddun,,26,16,16,17,22,M,,,,,
Aenar,,25,26,22,25,21,M,,,,,
Ezual,,26,1,17,25,18,M,,,,,
Cinrul,,15,24,22,21,17,18,M,,,,
Eihifial,,26,24,9,24,8,24,25,18,M,,
Faun,,8,25,17,22,M,,,,,,
Ezfir,,26,1,8,24,21,M,,,,,
Uur,,17,17,21,M,,,,,,,
Aoleinn,,25,19,18,26,24,22,22,M,,,
Aqthul,,25,7,20,9,17,18,M,,,,
Gahofidun,,12,25,9,19,8,24,16,17,22,M,
Acrtun,,25,15,21,20,17,22,M,,,,
Axlal,,25,5,18,25,18,M,,,,,
Fyhotun,,8,6,9,19,20,17,22,M,,,
Enar,,26,22,25,21,M,,,,,,
Aaun,,25,25,17,22,M,,,,,,
Cedar,,15,26,16,25,21,M,,,,,
Caladon,,15,25,18,25,16,19,22,M,,,
Aear,,25,26,25,21,M,,,,,,
Apal,,25,13,25,18,M,,,,,,
Evnoal,,26,10,22,19,25,18,M,,,,
Axn,,25,5,22,M,,,,,,,
Kielr,,3,24,26,18,21,M,,,,,
Fahidun,,8,25,9,24,16,17,22,M,,,
Ejfdun,,26,4,8,16,17,22,M,,,,
Emr,,26,14,21,M,,,,,,,
Gyuoul,,12,6,17,19,17,18,M,,,,
Ir,,24,21,M,,,,,,,,
Abmar,,25,11,14,25,21,M,,,,,
Gudar,,12,17,16,25,21,M,,,,,
Gaur,,12,25,17,21,M,,,,,,
Aerinn,,25,26,21,24,22,22,M,,,,
Emar,,26,14,25,21,M,,,,,,
Aywin,,25,6,2,24,22,M,,,,,
Eyesh,,26,6,26,23,9,M,,,,,
Cahiyinn,,15,25,9,24,6,24,22,22,M,,
Eldon,,26,18,16,19,22,M,,,,,
Cufiwinn,,15,17,8,24,2,24,22,22,M,,
Cuthul,,15,17,20,9,17,18,M,,,,
Aqyeldon,,25,7,6,26,18,16,19,22,M,,
Afrudon,,25,8,21,17,16,19,22,M,,,
Agridon,,25,12,21,24,16,19,22,M,,,
Ciin,,15,24,24,22,M,,,,,,
Guhiin,,12,17,9,24,24,22,M,,,,
Fonoaar,,8,19,22,19,25,25,21,M,,,
Fiir,,8,24,24,21,M,,,,,,
Emoelal,,26,14,19,26,18,25,18,M,,,
Avuydir,,25,10,17,6,16,24,21,M,,,
Gynnthul,,12,6,22,22,20,9,17,18,M,,
Eklwesh,,26,3,18,2,26,23,9,M,,,
Aathul,,25,25,20,9,17,18,M,,,,
Kowal,,3,19,2,25,18,M,,,,,
Uyar,,17,6,25,21,M,,,,,,
Zium,,1,24,17,14,M,,,,,,
Gamnin,,12,25,14,22,24,22,M,,,,
Aar,,25,25,21,M,,,,,,,
Yiedir,,6,24,26,16,24,21,M,,,,
Abish,,25,11,24,23,9,M,,,,,
Xywdon,,5,6,2,16,19,22,M,,,,
Kyautun,,3,6,25,17,20,17,22,M,,,
An,,25,22,M,,,,,,,,
Ennwr,,26,22,22,2,21,M,,,,,
Yar,,6,25,21,M,,,,,,,
Agdun,,25,12,16,17,22,M,,,,,
Ajhowish,,25,4,9,19,2,24,23,9,M,,
Egnoul,,26,12,22,19,17,18,M,,,,
Zwal,,1,2,25,18,M,,,,,,
Eynoesh,,26,6,22,19,26,23,9,M,,,
Eqelfl,,26,7,26,18,8,18,M,,,,
Atwfiish,,25,20,2,8,24,24,23,9,M,,
Edinar,,26,16,24,22,25,21,M,,,,
Alelnar,,25,18,26,18,22,25,21,M,,,
Aar,,25,25,21,M,,,,,,,
Epmnar,,26,13,14,22,25,21,M,,,,
Kuioesh,,3,17,24,19,26,23,9,M,,,
Edhitun,,26,16,9,24,20,17,22,M,,,
Cale,,15,25,18,26,F,,,,,,
Auni,,25,17,22,24,F,,,,,,
Eiie,,26,24,24,26,F,,,,,,
Kewriine,,3,26,2,21,24,24,22,26,F,,
Aawrina,,25,25,2,21,24,22,25,F,,,
Uhoena,,17,9,19,26,22,25,F,,,,
Kurini,,3,17,21,24,22,24,F,,,,
Kyeena,,3,6,26,26,22,25,F,,,,
Kosa,,3,19,23,25,F,,,,,,
Ganmee,,12,25,22,14,26,26,F,,,,
Eknfita,,26,3,22,8,24,20,25,F,,,
Eyle,,26,6,18,26,F,,,,,,
Enoina,,26,22,19,24,22,25,F,,,,
Gefika,,12,26,8,24,3,25,F,,,,
Azrianeth,,25,1,21,24,25,22,26,20,9,F,
Aila,,25,24,18,25,F,,,,,,
Efine,,26,8,24,22,26,F,,,,,
Kirineth,,3,24,21,24,22,26,20,9,F,,
Oree,,19,21,26,26,F,,,,,,
Evwrena,,26,10,2,21,26,22,25,F,,,
Ganoule,,12,25,22,19,17,18,26,F,,,
Kyae,,3,6,25,26,F,,,,,,
Cooia,,15,19,19,24,25,F,,,,,
Abelika,,25,11,26,18,24,3,25,F,,,
Xhoelia,,5,9,19,26,18,24,25,F,,,
Agwee,,25,12,2,26,26,F,,,,,
Ihohisa,,24,9,19,9,24,23,25,F,,,
Gyhiusa,,12,6,9,24,17,23,25,F,,,
Kie,,3,24,26,F,,,,,,,
Unoia,,17,22,19,24,25,F,,,,,
Ayhie,,25,6,9,24,26,F,,,,,
Eoni,,26,19,22,24,F,,,,,,
Ui,,17,24,F,,,,,,,,
Uta,,17,20,25,F,,,,,,,
Xei,,5,26,24,F,,,,,,,
Annouia,,25,22,22,19,17,24,25,F,,,
Fuifineth,,8,17,24,8,24,22,26,20,9,F,
Eumri,,26,17,14,21,24,F,,,,,
Eaeine,,26,25,26,24,22,26,F,,,,
Caoe,,15,25,19,26,F,,,,,,
Giiine,,12,24,24,24,22,26,F,,,,
Kanomee,,3,25,22,19,14,26,26,F,,,
Anlee,,25,22,18,26,26,F,,,,,
Ezsa,,26,1,23,25,F,,,,,,
Ainoe,,25,24,22,19,26,F,,,,,
Avhoine,,25,10,9,19,24,22,26,F,,,
Foelhosa,,8,19,26,18,9,19,23,25,F,,
Ajri,,25,4,21,24,F,,,,,,
Aqelneth,,25,7,26,18,22,26,20,9,F,,
Ehoyika,,26,9,19,6,24,3,25,F,,,
Onni,,19,22,22,24,F,,,,,,
Agamlia,,25,12,25,14,18,24,25,F,,,
Kofelna,,3,19,8,26,18,22,25,F,,,
Gihiine,,12,24,9,24,24,22,26,F,,,
Oika,,19,24,3,25,F,,,,,,
Onoika,,19,22,19,24,3,25,F,,,,
Foi,,8,19,24,F,,,,,,,
Anna,,25,22,22,25,F,,,,,,
Ecla,,26,15,18,25,F,,,,,,
Ajeia,,25,4,26,24,25,F,,,,,
Esohoi,,26,23,19,9,19,24,F,,,,
Zilia,,1,24,18,24,25,F,,,,,
Agmia,,25,12,14,24,25,F,,,,,
Aiyneth,,25,24,6,22,26,20,9,F,,,
Egni,,26,12,22,24,F,,,,,,
Emohota,,26,14,19,9,19,20,25,F,,,
Acta,,25,15,20,25,F,,,,,,
Aeika,,25,26,24,3,25,F,,,,,
Affia,,25,8,8,24,25,F,,,,,
Zena,,1,26,22,25,F,,,,,,
Goia,,12,19,24,25,F,,,,,,
Gafisa,,12,25,8,24,23,25,F,,,,
Xhoa,,5,9,19,25,F,,,,,,
Epwhoine,,26,13,2,9,19,24,22,26,F,,
Evne,,26,10,22,26,F,,,,,,
Euariena,,26,17,25,21,24,26,22,25,F,,
Etene,,26,20,26,22,26,F,,,,,
Kiowmee,,3,24,19,2,14,26,26,F,,,
Iaeine,,24,25,26,24,22,26,F,,,,
Egfinri,,26,12,8,24,22,21,24,F,,,
Ajoine,,25,4,19,24,22,26,F,,,,
Aefta,,25,26,8,20,25,F,,,,,
Aknosa,,25,3,22,19,23,25,F,,,,
Finfee,,8,24,22,8,26,26,F,,,,
Cilia,,15,24,18,24,25,F,,,,,
Garriina,,12,25,21,21,24,24,22,25,F,,
Epne,,26,13,22,26,F,,,,,,
Kifelne,,3,24,8,26,18,22,26,F,,,
Atyta,,25,20,6,20,25,F,,,,,
Gunoa,,12,17,22,19,25,F,,,,,
Cone,,15,19,22,26,F,,,,,,
Ajianeth,,25,4,24,25,22,26,20,9,F,,
Apalia,,25,13,25,18,24,25,F,,,,
Kani,,3,25,22,24,F,,,,,,
Fua,,8,17,25,F,,,,,,,
Eti,,26,20,24,F,,,,,,,
Cuine,,15,17,24,22,26,F,,,,,
Gywhoni,,12,6,2,9,19,22,24,F,,,
Ceyena,,15,26,6,26,22,25,F,,,,
Zia,,1,24,25,F,,,,,,,
Auue,,25,17,17,26,F,,,,,,
Keriia,,3,26,21,24,24,25,F,,,,
Ine,,24,22,26,F,,,,,,,
Cihoena,,15,24,9,19,26,22,25,F,,,
Ereneth,,26,21,26,22,26,20,9,F,,,
Egena,,26,12,26,22,25,F,,,,,
Ayehita,,25,6,26,9,24,20,25,F,,,
Avri,,25,10,21,24,F,,,,,,
Ina,,24,22,25,F,,,,,,,
Anita,,25,22,24,20,25,F,,,,,
Aanmee,,25,25,22,14,26,26,F,,,,
Cuhora,,15,17,9,19,21,25,F,,,,
Azlile,,25,1,18,24,18,26,F,,,,
Apa,,25,13,25,F,,,,,,,
Gamee,,12,25,14,26,26,F,,,,,
Kaline,,3,25,18,24,22,26,F,,,,
Agylia,,25,12,6,18,24,25,F,,,,
Kyni,,3,6,22,24,F,,,,,,
Ehle,,26,9,18,26,F,,,,,,
Ebririta,,26,11,21,24,21,24,20,25,F,,
Afllia,,25,8,18,18,24,25,F,,,,
Fea,,8,26,25,F,,,,,,,
Ee,,26,26,F,,,,,,,,
Fuaea,,8,17,25,26,25,F,,,,,
Eynowna,,26,6,22,19,2,22,25,F,,,
Azhinne,,25,1,9,24,22,22,26,F,,,
Eonni,,26,19,22,22,24,F,,,,,
Eowyine,,26,19,2,6,24,22,26,F,,,
Kya,,3,6,25,F,,,,,,,
Akika,,25,3,24,3,25,F,,,,,
Alfine,,25,18,8,24,22,26,F,,,,
Ehlia,,26,9,18,24,25,F,,,,,
Eqta,,26,7,20,25,F,,,,,,
Avfiena,,25,10,8,24,26,22,25,F,,,
Apriika,,25,13,21,24,24,3,25,F,,,
Aiine,,25,24,24,22,26,F,,,,,
Fuefiena,,8,17,26,8,24,26,22,25,F,,
Abosa,,25,11,19,23,25,F,,,,,
Ayrihona,,25,6,21,24,9,19,22,25,F,,
Azyni,,25,1,6,22,24,F,,,,,
Akelika,,25,3,26,18,24,3,25,F,,,
Evhofna,,26,10,9,19,8,22,25,F,,,
Geni,,12,26,22,24,F,,,,,,
Ayaine,,25,6,25,24,22,26,F,,,,
Abta,,25,11,20,25,F,,,,,,
Afasa,,25,8,25,23,25,F,,,,,
Avena,,25,10,26,22,25,F,,,,,
Eqa,,26,7,25,F,,,,,,,
Fomle,,8,19,14,18,26,F,,,,,
Arena,,25,21,26,22,25,F,,,,,
Evfiia,,26,10,8,24,24,25,F,,,,
Emlia,,26,14,18,24,25,F,,,,,
Ejine,,26,4,24,22,26,F,,,,,
Xelfee,,5,26,18,8,26,26,F,,,,
Aselriika,,25,23,26,18,21,24,24,3,25,F,
Cyri,,15,6,21,24,F,,,,,,
Esilia,,26,23,24,18,24,25,F,,,,
Ekine,,26,3,24,22,26,F,,,,,
Aii,,25,24,24,F,,,,,,,
Eqrine,,26,7,21,24,22,26,F,,,,
Feefina,,8,26,26,8,24,22,25,F,,,
Kaena,,3,25,26,22,25,F,,,,,
Feoika,,8,26,19,24,3,25,F,,,,
Adhiika,,25,16,9,24,24,3,25,F,,,
Fuwai,,8,17,2,25,24,F,,,,,
Culia,,15,17,18,24,25,F,,,,,
Eafeline,,26,25,8,26,18,24,22,26,F,,
Cynofia,,15,6,22,19,8,24,25,F,,,
Ameia,,25,14,26,24,25,F,,,,,
Gyriri,,12,6,21,24,21,24,F,,,,
Filia,,8,24,18,24,25,F,,,,,
Ia,,24,25,F,,,,,,,,
Gooa,,12,19,19,25,F,,,,,,
Ethini,,26,20,9,24,22,24,F,,,,
Evlmee,,26,10,18,14,26,26,F,,,,
Ayna,,25,6,22,25,F,,,,,,
Ayi,,25,6,24,F,,,,,,,
Ekfimina,,26,3,8,24,14,24,22,25,F,,
Evfna,,26,10,8,22,25,F,,,,,
Ehelna,,26,9,26,18,22,25,F,,,,
Evriina,,26,10,21,24,24,22,25,F,,,
Eamee,,26,25,14,26,26,F,,,,,
Goe,,12,19,26,F,,,,,,,
Aki,,25,3,24,F,,,,,,,
Eslia,,26,23,18,24,25,F,,,,,
Acmee,,25,15,14,26,26,F,,,,,
Eiyrmee,,26,24,6,21,14,26,26,F,,,
Cuholia,,15,17,9,19,18,24,25,F,,,
Arhoni,,25,21,9,19,22,24,F,,,,
Fyina,,8,6,24,22,25,F,,,,,
Eylina,,26,6,18,24,22,25,F,,,,
Amee,,25,14,26,26,F,,,,,,
Cunona,,15,17,22,19,22,25,F,,,,
Oarimee,,19,25,21,24,14,26,26,F,,,
Iri,,24,21,24,F,,,,,,,
Cirneth,,15,24,21,22,26,20,9,F,,,
Ini,,24,22,24,F,,,,,,,
Elena,,26,18,26,22,25,F,,,,,
Ezelle,,26,1,26,18,18,26,F,,,,
Agulne,,25,12,17,18,22,26,F,,,,
Eueue,,26,17,26,17,26,F,,,,,
Foina,,8,19,24,22,25,F,,,,,
Kana,,3,25,22,25,F,,,,,,
Cue,,15,17,26,F,,,,,,,
Aia,,25,24,25,F,,,,,,,
Kena,,3,26,22,25,F,,,,,,
Auhilena,,25,17,9,24,18,26,22,25,F,,
Aole,,25,19,18,26,F,,,,,,
Afile,,25,8,24,18,26,F,,,,,
Ilneth,,24,18,22,26,20,9,F,,,,
Ebelri,,26,11,26,18,21,24,F,,,,
Ebuta,,26,11,17,20,25,F,,,,,
Acsa,,25,15,23,25,F,,,,,,
Xfiaika,,5,8,24,25,24,3,25,F,,,
Edina,,26,16,24,22,25,F,,,,,
Amne,,25,14,22,26,F,,,,,,
Eceika,,26,15,26,24,3,25,F,,,,
Efelnne,,26,8,26,18,22,22,26,F,,,
Uyna,,17,6,22,25,F,,,,,,
Aprhilia,,25,13,21,9,24,18,24,25,F,,
Arna,,25,21,22,25,F,,,,,,
Ennelle,,26,22,22,26,18,18,26,F,,,
Amneth,,25,14,22,26,20,9,F,,,,
Curta,,15,17,21,20,25,F,,,,,
Gahiriine,,12,25,9,24,21,24,24,22,26,F,
Ganee,,12,25,22,26,26,F,,,,,
Euika,,26,17,24,3,25,F,,,,,
Amfi,,25,14,8,24,F,,,,,,
Aqiia,,25,7,24,24,25,F,,,,,
Aqle,,25,7,18,26,F,,,,,,
Afni,,25,8,22,24,F,,,,,,
Furihona,,8,17,21,24,9,19,22,25,F,,
Keta,,3,26,20,25,F,,,,,,
Agire,,25,12,24,21,26,F,,,,,
Atena,,25,20,26,22,25,F,,,,,
Gehone,,12,26,9,19,22,26,F,,,,
Anfihone,,25,22,8,24,9,19,22,26,F,,
Enrini,,26,22,21,24,22,24,F,,,,
Gifihori,,12,24,8,24,9,19,21,24,F,,
Efelriine,,26,8,26,18,21,24,24,22,26,F,
Egri,,26,12,21,24,F,,,,,,
Eiriia,,26,24,21,24,24,25,F,,,,
Gemneth,,12,26,14,22,26,20,9,F,,,
Ekwmee,,26,3,2,14,26,26,F,,,,
Atena,,25,20,26,22,25,F,,,,,
Gyhoneth,,12,6,9,19,22,26,20,9,F,,
Ayine,,25,6,24,22,26,F,,,,,
Eiolia,,26,24,19,18,24,25,F,,,,
Ezone,,26,1,19,22,26,F,,,,,
Folena,,8,19,18,26,22,25,F,,,,
Ehfinia,,26,9,8,24,22,24,25,F,,,
Ecwriia,,26,15,2,21,24,24,25,F,,,
Eqrifena,,26,7,21,24,8,26,22,25,F,,
Kuhisa,,3,17,9,24,23,25,F,,,,
Efiia,,26,8,24,24,25,F,,,,,
Cihoika,,15,24,9,19,24,3,25,F,,,
Caui,,15,25,17,24,F,,,,,,
Alia,,25,18,24,25,F,,,,,,
Euna,,26,17,22,25,F,,,,,,
Kylwta,,3,6,18,2,20,25,F,,,,
Kofinone,,3,19,8,24,22,19,22,26,F,,
Aarle,,25,25,21,18,26,F,,,,,
Zfiwle,,1,8,24,2,18,26,F,,,,
Enika,,26,22,24,3,25,F,,,,,
Epfee,,26,13,8,26,26,F,,,,,
Aple,,25,13,18,26,F,,,,,,
Enarni,,26,22,25,21,22,24,F,,,,
Falnoia,,8,25,18,22,19,24,25,F,,,
Epsa,,26,13,23,25,F,,,,,,
Ezone,,26,1,19,22,26,F,,,,,
Guwe,,12,17,2,26,F,,,,,,
Eblia,,26,11,18,24,25,F,,,,,
Aiurle,,25,24,17,21,18,26,F,,,,
Coyrie,,15,19,6,21,24,26,F,,,,
Aela,,25,26,18,25,F,,,,,,
Eohifii,,26,19,9,24,8,24,24,F,,,
Cenoie,,15,26,22,19,24,26,F,,,,
Fuee,,8,17,26,26,F,,,,,,
Aiyine,,25,24,6,24,22,26,F,,,,
Azorineth,,25,1,19,21,24,22,26,20,9,F,
Eqfiana,,26,7,8,24,25,22,25,F,,,
Elelia,,26,18,26,18,24,25,F,,,,
Fuasa,,8,17,25,23,25,F,,,,,
Ayrfiina,,25,6,21,8,24,24,22,25,F,,
Gownoika,,12,19,2,22,19,24,3,25,F,,
Abne,,25,11,22,26,F,,,,,,
Caika,,15,25,24,3,25,F,,,,,
Ahee,,25,9,26,26,F,,,,,,
Kalneth,,3,25,18,22,26,20,9,F,,,
Ezelale,,26,1,26,18,25,18,26,F,,,
Abe,,25,11,26,F,,,,,,,
Erine,,26,21,24,22,26,F,,,,,
Cyilia,,15,6,24,18,24,25,F,,,,
Arhoika,,25,21,9,19,24,3,25,F,,,
Acahimee,,25,15,25,9,24,14,26,26,F,,
Faaena,,8,25,25,26,22,25,F,,,,
Elimena,,26,18,24,14,26,22,25,F,,,
Egne,,26,12,22,26,F,,,,,,
Adnoi,,25,16,22,19,24,F,,,,,
Ame,,25,14,26,F,,,,,,,
Amnona,,25,14,22,19,22,25,F,,,,
Eiine,,26,24,24,22,26,F,,,,,
Ylia,,6,18,24,25,F,,,,,,
Enmhoina,,26,22,14,9,19,24,22,25,F,,
Aheneth,,25,9,26,22,26,20,9,F,,,
Fiellia,,8,24,26,18,18,24,25,F,,,
Keena,,3,26,26,22,25,F,,,,,
Afena,,25,8,26,22,25,F,,,,,
Aroholia,,25,21,19,9,19,18,24,25,F,,
Aoi,,25,19,24,F,,,,,,,
Akfia,,25,3,8,24,25,F,,,,,
Emsa,,26,14,23,25,F,,,,,,
Feelhoia,,8,26,26,18,9,19,24,25,F,,
Eufee,,26,17,8,26,26,F,,,,,
Ajaena,,25,4,25,26,22,25,F,,,,
Cyhone,,15,6,9,19,22,26,F,,,,
Ilsa,,24,18,23,25,F,,,,,,
Geihota,,12,26,24,9,19,20,25,F,,,
Kyhoina,,3,6,9,19,24,22,25,F,,,
Cuine,,15,17,24,22,26,F,,,,,
Etee,,26,20,26,26,F,,,,,,
Ynona,,6,22,19,22,25,F,,,,,
Kene,,3,26,22,26,F,,,,,,
Aje,,25,4,26,F,,,,,,,
Ebfiita,,26,11,8,24,24,20,25,F,,,
Uufena,,17,17,8,26,22,25,F,,,,
Keiwine,,3,26,24,2,24,22,26,F,,,
Eqfisa,,26,7,8,24,23,25,F,,,,
Fielhia,,8,24,26,18,9,24,25,F,,,
Eanyneth,,26,25,22,6,22,26,20,9,F,,
Ejsa,,26,4,23,25,F,,,,,,
Kina,,3,24,22,25,F,,,,,,
Amufiri,,25,14,17,8,24,21,24,F,,,
Kylia,,3,6,18,24,25,F,,,,,
Esfee,,26,23,8,26,26,F,,,,,
Adena,,25,16,26,22,25,F,,,,,
Eaifee,,26,25,24,8,26,26,F,,,,
Effiyine,,26,8,8,24,6,24,22,26,F,,
Ayneth,,25,6,22,26,20,9,F,,,,
Atuni,,25,20,17,22,24,F,,,,,
Kuui,,3,17,17,24,F,,,,,,
Gumlia,,12,17,14,18,24,25,F,,,,
Azna,,25,1,22,25,F,,,,,,
Aseta,,25,23,26,20,25,F,,,,,
Axsa,,25,5,23,25,F,,,,,,
Gilia,,12,24,18,24,25,F,,,,,
Kafsa,,3,25,8,23,25,F,,,,,
Aqnoia,,25,7,22,19,24,25,F,,,,
Guaaena,,12,17,25,25,26,22,25,F,,,
Ahymee,,25,9,6,14,26,26,F,,,,
Ephiika,,26,13,9,24,24,3,25,F,,,
Avfieee,,25,10,8,24,26,26,26,F,,,
Gohoelna,,12,19,9,19,26,18,22,25,F,,
Gymasa,,12,6,14,25,23,25,F,,,,
Alelnoni,,25,18,26,18,22,19,22,24,F,,
Eylsa,,26,6,18,23,25,F,,,,,
Kynhita,,3,6,22,9,24,20,25,F,,,
Erle,,26,21,18,26,F,,,,,,
Ejmena,,26,4,14,26,22,25,F,,,,
Enlia,,26,22,18,24,25,F,,,,,
Agelena,,25,12,26,18,26,22,25,F,,,
Aywrisa,,25,6,2,21,24,23,25,F,,,
Eyneth,,26,6,22,26,20,9,F,,,,
Azrmee,,25,1,21,14,26,26,F,,,,
Eoielri,,26,19,24,26,18,21,24,F,,,
Adoi,,25,16,19,24,F,,,,,,
Adnonoia,,25,16,22,19,22,19,24,25,F,,
Fyta,,8,6,20,25,F,,,,,,
Gymee,,12,6,14,26,26,F,,,,,
Eiia,,26,24,24,25,F,,,,,,
Edfneth,,26,16,8,22,26,20,9,F,,,
Abwuta,,25,11,2,17,20,25,F,,,,
Koena,,3,19,26,22,25,F,,,,,
Acmneth,,25,15,14,22,26,20,9,F,,,
Eunni,,26,17,22,22,24,F,,,,,
Ajhosa,,25,4,9,19,23,25,F,,,,
Aeule,,25,26,17,18,26,F,,,,,
Cilfimee,,15,24,18,8,24,14,26,26,F,,
Unrta,,17,22,21,20,25,F,,,,,
Ecri,,26,15,21,24,F,,,,,,
Faammee,,8,25,25,14,14,26,26,F,,,
Gufiuina,,12,17,8,24,17,24,22,25,F,,
Koa,,3,19,25,F,,,,,,,
Xuana,,5,17,25,22,25,F,,,,,
Gasa,,12,25,23,25,F,,,,,,
Cawsa,,15,25,2,23,25,F,,,,,
Carimee,,15,25,21,24,14,26,26,F,,,
Allia,,25,18,18,24,25,F,,,,,
Ceina,,15,26,24,22,25,F,,,,,
Ezellia,,26,1,26,18,18,24,25,F,,,
Anle,,25,22,18,26,F,,,,,,
Edmfa,,26,16,14,8,25,F,,,,,
Fya,,8,6,25,F,,,,,,,
Eyehoia,,26,6,26,9,19,24,25,F,,,
Aghifita,,25,12,9,24,8,24,20,25,F,,
Emnowni,,26,14,22,19,2,22,24,F,,,
Egfalia,,26,12,8,25,18,24,25,F,,,
Cieria,,15,24,26,21,24,25,F,,,,
Conine,,15,19,22,24,22,26,F,,,,
Fyiee,,8,6,24,26,26,F,,,,,
Ayri,,25,6,21,24,F,,,,,,
Amika,,25,14,24,3,25,F,,,,,
Ebufina,,26,11,17,8,24,22,25,F,,,
Ameri,,25,14,26,21,24,F,,,,,
Eonlia,,26,19,22,18,24,25,F,,,,
Ebyile,,26,11,6,24,18,26,F,,,,
Evefmee,,26,10,26,8,14,26,26,F,,,
Apta,,25,13,20,25,F,,,,,,
Elane,,26,18,25,22,26,F,,,,,
Eplmee,,26,13,18,14,26,26,F,,,,
Cerasa,,15,26,21,25,23,25,F,,,,
Akriasa,,25,3,21,24,25,23,25,F,,,
Eqrhia,,26,7,21,9,24,25,F,,,,
Eylia,,26,6,18,24,25,F,,,,,
Atne,,25,20,22,26,F,,,,,,
Efwota,,26,8,2,19,20,25,F,,,,
Essa,,26,23,23,25,F,,,,,,
Epee,,26,13,26,26,F,,,,,,
Camfimee,,15,25,14,8,24,14,26,26,F,,
Fufina,,8,17,8,24,22,25,F,,,,
Ceina,,15,26,24,22,25,F,,,,,
Kyna,,3,6,22,25,F,,,,,,
Eowea,,26,19,2,26,25,F,,,,,
Arnwa,,25,21,22,2,25,F,,,,,
Koimee,,3,19,24,14,26,26,F,,,,
Ednalia,,26,16,22,25,18,24,25,F,,,
Ejhini,,26,4,9,24,22,24,F,,,,
Garta,,12,25,21,20,25,F,,,,,
Coeia,,15,19,26,24,25,F,,,,,
Kafsa,,3,25,8,23,25,F,,,,,
Aalwna,,25,25,18,2,22,25,F,,,,
Amholle,,25,14,9,19,18,18,26,F,,,
Fouika,,8,19,17,24,3,25,F,,,,
Curima,,15,17,21,24,14,25,F,,,,
Kyhoika,,3,6,9,19,24,3,25,F,,,
Cofena,,15,19,8,26,22,25,F,,,,
Egrihoina,,26,12,21,24,9,19,24,22,25,F,
Kielsa,,3,24,26,18,23,25,F,,,,
Eisa,,26,24,23,25,F,,,,,,
Aurihita,,25,17,21,24,9,24,20,25,F,,
Fayi,,8,25,6,24,F,,,,,,
Avi,,25,10,24,F,,,,,,,
Ania,,25,22,24,25,F,,,,,,
Fai,,8,25,24,F,,,,,,,
Fole,,8,19,18,26,F,,,,,,
Aje,,25,4,26,F,,,,,,,
Aua,,25,17,25,F,,,,,,,
Yena,,6,26,22,25,F,,,,,,
Effosa,,26,8,8,19,23,25,F,,,,
Aune,,25,17,22,26,F,,,,,,
Kiyfe,,3,24,6,8,26,F,,,,,
Feeneth,,8,26,26,22,26,20,9,F,,,
Ekelena,,26,3,26,18,26,22,25,F,,,
Ylee,,6,18,26,26,F,,,,,,
Cyrine,,15,6,21,24,22,26,F,,,,
Kuena,,3,17,26,22,25,F,,,,,
Cyhifiika,,15,6,9,24,8,24,24,3,25,F,
Foiwia,,8,19,24,2,24,25,F,,,,
Gahoni,,12,25,9,19,22,24,F,,,,
Ioena,,24,19,26,22,25,F,,,,,
Egena,,26,12,26,22,25,F,,,,,
Aenoika,,25,26,22,19,24,3,25,F,,,
Kywi,,3,6,2,24,F,,,,,,
Ednneth,,26,16,22,22,26,20,9,F,,,
Iia,,24,24,25,F,,,,,,,
Zne,,1,22,26,F,,,,,,,
Fywni,,8,6,2,22,24,F,,,,,
Atwwna,,25,20,2,2,22,25,F,,,,
Ilsa,,24,18,23,25,F,,,,,,
Goriari,,12,19,21,24,25,21,24,F,,,
Aaoriika,,25,25,19,21,24,24,3,25,F,,
Azee,,25,1,26,26,F,,,,,,
Eena,,26,26,22,25,F,,,,,,
Fowfina,,8,19,2,8,24,22,25,F,,,
Errhoia,,26,21,21,9,19,24,25,F,,,
Gemma,,12,26,14,14,25,F,,,,,
Gunota,,12,17,22,19,20,25,F,,,,
Ekle,,26,3,18,26,F,,,,,,
Euhimri,,26,17,9,24,14,21,24,F,,,
Aeela,,25,26,26,18,25,F,,,,,
Goe,,12,19,26,F,,,,,,,
Eshile,,26,23,9,24,18,26,F,,,,
Esnsa,,26,23,22,23,25,F,,,,,
Ajrirta,,25,4,21,24,21,20,25,F,,,
Fumne,,8,17,14,22,26,F,,,,,
Arwnoia,,25,21,2,22,19,24,25,F,,,
Gineth,,12,24,22,26,20,9,F,,,,
Ahne,,25,9,22,26,F,,,,,,
Ahlia,,25,9,18,24,25,F,,,,,
Cae,,15,25,26,F,,,,,,,
Ecle,,26,15,18,26,F,,,,,,
Caine,,15,25,24,22,26,F,,,,,
Efneth,,26,8,22,26,20,9,F,,,,
Adanoe,,25,16,25,22,19,26,F,,,,
Akika,,25,3,24,3,25,F,,,,,
Evna,,26,10,22,25,F,,,,,,
Arene,,25,21,26,22,26,F,,,,,
Caiee,,15,25,24,26,26,F,,,,,
Axomee,,25,5,19,14,26,26,F,,,,
Axna,,25,5,22,25,F,,,,,,
Kye,,3,6,26,F,,,,,,,
Etine,,26,20,24,22,26,F,,,,,
Elwina,,26,18,2,24,22,25,F,,,,
Epufina,,26,13,17,8,24,22,25,F,,,
Ahone,,25,9,19,22,26,F,,,,,
Gone,,12,19,22,26,F,,,,,,
Ii,,24,24,F,,,,,,,,
Kolrita,,3,19,18,21,24,20,25,F,,,
Apwnsa,,25,13,2,22,23,25,F,,,,
Avfri,,25,10,8,21,24,F,,,,,
Kohoene,,3,19,9,19,26,22,26,F,,,
Goyta,,12,19,6,20,25,F,,,,,
Fota,,8,19,20,25,F,,,,,,
Abee,,25,11,26,26,F,,,,,,
Eaeyee,,26,25,26,6,26,26,F,,,,
Eli,,26,18,24,F,,,,,,,
Urena,,17,21,26,22,25,F,,,,,
Gyhiyta,,12,6,9,24,6,20,25,F,,,
Ini,,24,22,24,F,,,,,,,
Cifineth,,15,24,8,24,22,26,20,9,F,,
Coee,,15,19,26,26,F,,,,,,
Ehiaena,,26,9,24,25,26,22,25,F,,,
Akyrena,,25,3,6,21,26,22,25,F,,,
Adelelle,,25,16,26,18,26,18,18,26,F,,
Afni,,25,8,22,24,F,,,,,,
Ueri,,17,26,21,24,F,,,,,,
Ajnona,,25,4,22,19,22,25,F,,,,
Evrsa,,26,10,21,23,25,F,,,,,
Egeleee,,26,12,26,18,26,26,26,F,,,
Kaefine,,3,25,26,8,24,22,26,F,,,
Eielle,,26,24,26,18,18,26,F,,,,
Zri,,1,21,24,F,,,,,,,
Gahiune,,12,25,9,24,17,22,26,F,,,
Adrika,,25,16,21,24,3,25,F,,,,
Ethole,,26,20,9,19,18,26,F,,,,
Cofiwne,,15,19,8,24,2,22,26,F,,,
Eqina,,26,7,24,22,25,F,,,,,
Axfhineth,,25,5,8,9,24,22,26,20,9,F,
Keine,,3,26,24,22,26,F,,,,,
Yni,,6,22,24,F,,,,,,,
Aoine,,25,19,24,22,26,F,,,,,
Ohoeena,,19,9,19,26,26,22,25,F,,,
Axlneth,,25,5,18,22,26,20,9,F,,,
Ajfie,,25,4,8,24,26,F,,,,,
Aywee,,25,6,2,26,26,F,,,,,
Enne,,26,22,22,26,F,,,,,,
Azaika,,25,1,25,24,3,25,F,,,,
Irihine,,24,21,24,9,24,22,26,F,,,
Axee,,25,5,26,26,F,,,,,,
Ya,,6,25,F,,,,,,,,
Aewnoika,,25,26,2,22,19,24,3,25,F,,
Alrinolia,,25,18,21,24,22,19,18,24,25,F,
Enfielee,,26,22,8,24,26,18,26,26,F,,
Eyfineth,,26,6,8,24,22,26,20,9,F,,
Omee,,19,14,26,26,F,,,,,,
Efrhoneth,,26,8,21,9,19,22,26,20,9,F,
Enia,,26,22,24,25,F,,,,,,
Eori,,26,19,21,24,F,,,,,,
Kehorena,,3,26,9,19,21,26,22,25,F,,
Erlia,,26,21,18,24,25,F,,,,,
Kea,,3,26,25,F,,,,,,,
Kiri,,3,24,21,24,F,,,,,,
Airiuneth,,25,24,21,24,17,22,26,20,9,F,
Ecta,,26,15,20,25,F,,,,,,
Epi,,26,13,24,F,,,,,,,
Aooneth,,25,19,19,22,26,20,9,F,,,
Firnoa,,8,24,21,22,19,25,F,,,,
Eyna,,26,6,22,25,F,,,,,,
Cie,,15,24,26,F,,,,,,,
Cehili,,15,26,9,24,18,24,F,,,,
Umea,,17,14,26,25,F,,,,,,
Aimna,,25,24,14,22,25,F,,,,,
Ajsa,,25,4,23,25,F,,,,,,
Iifa,,24,24,8,25,F,,,,,,
Fyiee,,8,6,24,26,26,F,,,,,
Fari,,8,25,21,24,F,,,,,,
Arrri,,25,21,21,21,24,F,,,,,
Axwnoneth,,25,5,2,22,19,22,26,20,9,F,
Ehine,,26,9,24,22,26,F,,,,,
Cyhiee,,15,6,9,24,26,26,F,,,,
Keelye,,3,26,26,18,6,26,F,,,,
Aaine,,25,25,24,22,26,F,,,,,
Efa,,26,8,25,F,,,,,,,
Kuni,,3,17,22,24,F,,,,,,
Aee,,25,26,26,F,,,,,,,
Zhine,,1,9,24,22,26,F,,,,,
Uoika,,17,19,24,3,25,F,,,,,
Ahi,,25,9,24,F,,,,,,,
Efmhineth,,26,8,14,9,24,22,26,20,9,F,
Aieelri,,25,24,26,26,18,21,24,F,,,
Anwmneth,,25,22,2,14,22,26,20,9,F,,
Abwi,,25,11,2,24,F,,,,,,
Zuni,,1,17,22,24,F,,,,,,
Cosa,,15,19,23,25,F,,,,,,
Ofifine,,19,8,24,8,24,22,26,F,,,
Azhofia,,25,1,9,19,8,24,25,F,,,
Zine,,1,24,22,26,F,,,,,,
Eki,,26,3,24,F,,,,,,,
Emni,,26,14,22,24,F,,,,,,
Omrile,,19,14,21,24,18,26,F,,,,
Azyyna,,25,1,6,6,22,25,F,,,,
Gihinoine,,12,24,9,24,22,19,24,22,26,F,
Aheelsa,,25,9,26,26,18,23,25,F,,,
Elhowle,,26,18,9,19,2,18,26,F,,,
Elfiwia,,26,18,8,24,2,24,25,F,,,
Aita,,25,24,20,25,F,,,,,,
Gani,,12,25,22,24,F,,,,,,
Faelholia,,8,25,26,18,9,19,18,24,25,F,
Ilia,,24,18,24,25,F,,,,,,
Acione,,25,15,24,19,22,26,F,,,,
Guna,,12,17,22,25,F,,,,,,
Evee,,26,10,26,26,F,,,,,,
Gole,,12,19,18,26,F,,,,,,
Eznika,,26,1,22,24,3,25,F,,,,
Fole,,8,19,18,26,F,,,,,,
Ekholta,,26,3,9,19,18,20,25,F,,,
Elelia,,26,18,26,18,24,25,F,,,,
Ekmneth,,26,3,14,22,26,20,9,F,,,
Aunelne,,25,17,22,26,18,22,26,F,,,
Kuhimena,,3,17,9,24,14,26,22,25,F,,
Ebnena,,26,11,22,26,22,25,F,,,,
Ajlia,,25,4,18,24,25,F,,,,,
Abwle,,25,11,2,18,26,F,,,,,
Ayena,,25,6,26,22,25,F,,,,,
Ezmnmee,,26,1,14,22,14,26,26,F,,,
Corisa,,15,19,21,24,23,25,F,,,,
Aqika,,25,7,24,3,25,F,,,,,
Annonsa,,25,22,22,19,22,23,25,F,,,
Gifinoi,,12,24,8,24,22,19,24,F,,,
Zelri,,1,26,18,21,24,F,,,,,
Afika,,25,8,24,3,25,F,,,,,
Feneth,,8,26,22,26,20,9,F,,,,
Eyena,,26,6,26,22,25,F,,,,,
Kohie,,3,19,9,24,26,F,,,,,
Ainolika,,25,24,22,19,18,24,3,25,F,,
Goina,,12,19,24,22,25,F,,,,,
Aqneth,,25,7,22,26,20,9,F,,,,
Erwrlia,,26,21,2,21,18,24,25,F,,,
Aerle,,25,26,21,18,26,F,,,,,
Emri,,26,14,21,24,F,,,,,,
Cene,,15,26,22,26,F,,,,,,
Zena,,1,26,22,25,F,,,,,,
Uye,,17,6,26,F,,,,,,,
Yrri,,6,21,21,24,F,,,,,,
Aknona,,25,3,22,19,22,25,F,,,,
Ehmyta,,26,9,14,6,20,25,F,,,,
Aini,,25,24,22,24,F,,,,,,
Are,,25,21,26,F,,,,,,,
Cynfina,,15,6,22,8,24,22,25,F,,,
Eihiika,,26,24,9,24,24,3,25,F,,,
Aellia,,25,26,18,18,24,25,F,,,,
Cyfiholia,,15,6,8,24,9,19,18,24,25,F,
Ihota,,24,9,19,20,25,F,,,,,
Abarile,,25,11,25,21,24,18,26,F,,,
Aga,,25,12,25,F,,,,,,,
Euhoriina,,26,17,9,19,21,24,24,22,25,F,
Anta,,25,22,20,25,F,,,,,,
Elysa,,26,18,6,23,25,F,,,,,
Xnfilia,,5,22,8,24,18,24,25,F,,,
Gymwia,,12,6,14,2,24,25,F,,,,
Giiuee,,12,24,24,17,26,26,F,,,,
Acnori,,25,15,22,19,21,24,F,,,,
Iwee,,24,2,26,26,F,,,,,,
Akine,,25,3,24,22,26,F,,,,,
Ceini,,15,26,24,22,24,F,,,,,
Eqifini,,26,7,24,8,24,22,24,F,,,
Atri,,25,20,21,24,F,,,,,,
Acwelika,,25,15,2,26,18,24,3,25,F,,
Eluta,,26,18,17,20,25,F,,,,,
Emylni,,26,14,6,18,22,24,F,,,,
Ebine,,26,11,24,22,26,F,,,,,
Uwee,,17,2,26,26,F,,,,,,
Aina,,25,24,22,25,F,,,,,,
Gyfiia,,12,6,8,24,24,25,F,,,,
Avni,,25,10,22,24,F,,,,,,
Fafiina,,8,25,8,24,24,22,25,F,,,
Feyine,,8,26,6,24,22,26,F,,,,
Fawelee,,8,25,2,26,18,26,26,F,,,
Femna,,8,26,14,22,25,F,,,,,
Auina,,25,17,24,22,25,F,,,,,
Fyhiine,,8,6,9,24,24,22,26,F,,,
Goynota,,12,19,6,22,19,20,25,F,,,
Cifiwmee,,15,24,8,24,2,14,26,26,F,,
Xnri,,5,22,21,24,F,,,,,,
Egrrita,,26,12,21,21,24,20,25,F,,,
Enyna,,26,22,6,22,25,F,,,,,
Ede,,26,16,26,F,,,,,,,
Ifiwlia,,24,8,24,2,18,24,25,F,,,
Arrni,,25,21,21,22,24,F,,,,,
Aeoineth,,25,26,19,24,22,26,20,9,F,,
Aoena,,25,19,26,22,25,F,,,,,
Ammlika,,25,14,14,18,24,3,25,F,,,
Geta,,12,26,20,25,F,,,,,,
Edfisa,,26,16,8,24,23,25,F,,,,
Acfiia,,25,15,8,24,24,25,F,,,,
Anika,,25,22,24,3,25,F,,,,,
Amrmneth,,25,14,21,14,22,26,20,9,F,,
Atri,,25,20,21,24,F,,,,,,
Alnrna,,25,18,22,21,22,25,F,,,,
Ajlsa,,25,4,18,23,25,F,,,,,
Ynoia,,6,22,19,24,25,F,,,,,
Faelta,,8,25,26,18,20,25,F,,,,
Agena,,25,12,26,22,25,F,,,,,
Eki,,26,3,24,F,,,,,,,
Aaye,,25,25,6,26,F,,,,,,
Aia,,25,24,25,F,,,,,,,
Yriuee,,6,21,24,17,26,26,F,,,,
Ejmena,,26,4,14,26,22,25,F,,,,
Kumee,,3,17,14,26,26,F,,,,,
Aiwta,,25,24,2,20,25,F,,,,,
Ezhiwena,,26,1,9,24,2,26,22,25,F,,
Cuue,,15,17,17,26,F,,,,,,
Axlia,,25,5,18,24,25,F,,,,,
Eurielika,,26,17,21,24,26,18,24,3,25,F,
Cafia,,15,25,8,24,25,F,,,,,
Ellta,,26,18,18,20,25,F,,,,,
Kiuni,,3,24,17,22,24,F,,,,,
Eyina,,26,6,24,22,25,F,,,,,
Azhiika,,25,1,9,24,24,3,25,F,,,
Axta,,25,5,20,25,F,,,,,,
Cyfile,,15,6,8,24,18,26,F,,,,
Fea,,8,26,25,F,,,,,,,
Fuee,,8,17,26,26,F,,,,,,
Abwi,,25,11,2,24,F,,,,,,
Ahhoale,,25,9,9,19,25,18,26,F,,,
Akasa,,25,3,25,23,25,F,,,,,
Keroni,,3,26,21,19,22,24,F,,,,
Cymee,,15,6,14,26,26,F,,,,,
Ahota,,25,9,19,20,25,F,,,,,
Afine,,25,8,24,22,26,F,,,,,
Esa,,26,23,25,F,,,,,,,
Avhiri,,25,10,9,24,21,24,F,,,,
Apwyle,,25,13,2,6,18,26,F,,,,
Fuaaine,,8,17,25,25,24,22,26,F,,,
Gariiri,,12,25,21,24,24,21,24,F,,,
Cenfi,,15,26,22,8,24,F,,,,,
Cyeyika,,15,6,26,6,24,3,25,F,,,
Eune,,26,17,22,26,F,,,,,,
Fylee,,8,6,18,26,26,F,,,,,
Kimrimee,,3,24,14,21,24,14,26,26,F,,
Cafaine,,15,25,8,25,24,22,26,F,,,
Gyrine,,12,6,21,24,22,26,F,,,,
Elfri,,26,18,8,21,24,F,,,,,
Erfnika,,26,21,8,22,24,3,25,F,,,
Ciwni,,15,24,2,22,24,F,,,,,
Aqle,,25,7,18,26,F,,,,,,
Geufa,,12,26,17,8,25,F,,,,,
Ejrena,,26,4,21,26,22,25,F,,,,
Fyfiriina,,8,6,8,24,21,24,24,22,25,F,
Geia,,12,26,24,25,F,,,,,,
Ake,,25,3,26,F,,,,,,,
Kaine,,3,25,24,22,26,F,,,,,
Kaeriena,,3,25,26,21,24,26,22,25,F,,
Fuelri,,8,17,26,18,21,24,F,,,,
Arena,,25,21,26,22,25,F,,,,,
Ajllia,,25,4,18,18,24,25,F,,,,
Innoi,,24,22,22,19,24,F,,,,,
Azena,,25,1,26,22,25,F,,,,,
Aynouika,,25,6,22,19,17,24,3,25,F,,
Esnona,,26,23,22,19,22,25,F,,,,
Eqilia,,26,7,24,18,24,25,F,,,,
Ayune,,25,6,17,22,26,F,,,,,
Iena,,24,26,22,25,F,,,,,,
Egfia,,26,12,8,24,25,F,,,,,
Evle,,26,10,18,26,F,,,,,,
Eholia,,26,9,19,18,24,25,F,,,,
Eari,,26,25,21,24,F,,,,,,
Avfta,,25,10,8,20,25,F,,,,,
Kyina,,3,6,24,22,25,F,,,,,
Eguhosa,,26,12,17,9,19,23,25,F,,,
Esummee,,26,23,17,14,14,26,26,F,,,
Koia,,3,19,24,25,F,,,,,,
Eni,,26,22,24,F,,,,,,,
Ekfiria,,26,3,8,24,21,24,25,F,,,
Ayoiina,,25,6,19,24,24,22,25,F,,,
Xna,,5,22,25,F,,,,,,,
Kawlika,,3,25,2,18,24,3,25,F,,,
Gylyri,,12,6,18,6,21,24,F,,,,
Fifiri,,8,24,8,24,21,24,F,,,,
Firri,,8,24,21,21,24,F,,,,,
Erika,,26,21,24,3,25,F,,,,,
Aslia,,25,23,18,24,25,F,,,,,
Ennoni,,26,22,22,19,22,24,F,,,,
Edelriina,,26,16,26,18,21,24,24,22,25,F,
Geri,,12,26,21,24,F,,,,,,
Ciunoee,,15,24,17,22,19,26,26,F,,,
Ajifiia,,25,4,24,8,24,24,25,F,,,
Aglia,,25,12,18,24,25,F,,,,,
Acna,,25,15,22,25,F,,,,,,
Ale,,25,18,26,F,,,,,,,
Atfrlia,,25,20,8,21,18,24,25,F,,,
Onneth,,19,22,22,26,20,9,F,,,,
Enni,,26,22,22,24,F,,,,,,
Esine,,26,23,24,22,26,F,,,,,
Egika,,26,12,24,3,25,F,,,,,
Fana,,8,25,22,25,F,,,,,,
Cunori,,15,17,22,19,21,24,F,,,,
Erlia,,26,21,18,24,25,F,,,,,
Ecmrini,,26,15,14,21,24,22,24,F,,,
Etrii,,26,20,21,24,24,F,,,,,
Eqane,,26,7,25,22,26,F,,,,,
Aaina,,25,25,24,22,25,F,,,,,
Oa,,19,25,F,,,,,,,,
Eona,,26,19,22,25,F,,,,,,
Euoneth,,26,17,19,22,26,20,9,F,,,
Ia,,24,25,F,,,,,,,,
Efinona,,26,8,24,22,19,22,25,F,,,
Aeina,,25,26,24,22,25,F,,,,,
Eblia,,26,11,18,24,25,F,,,,,
Aii,,25,24,24,F,,,,,,,
Ateyine,,25,20,26,6,24,22,26,F,,,
Ehneth,,26,9,22,26,20,9,F,,,,
Aqi,,25,7,24,F,,,,,,,
Ahmri,,25,9,14,21,24,F,,,,,
Ejriee,,26,4,21,24,26,26,F,,,,
Amina,,25,14,24,22,25,F,,,,,
Amai,,25,14,25,24,F,,,,,,
Agfina,,25,12,8,24,22,25,F,,,,
Epalia,,26,13,25,18,24,25,F,,,,
Aziina,,25,1,24,24,22,25,F,,,,
Ajina,,25,4,24,22,25,F,,,,,
Armna,,25,21,14,22,25,F,,,,,
Kiia,,3,24,24,25,F,,,,,,
Filia,,8,24,18,24,25,F,,,,,
Geoina,,12,26,19,24,22,25,F,,,,
Xfee,,5,8,26,26,F,,,,,,
Abrri,,25,11,21,21,24,F,,,,,
Ahnee,,25,9,22,26,26,F,,,,,
Fuuuri,,8,17,17,17,21,24,F,,,,
Adfina,,25,16,8,24,22,25,F,,,,
Apine,,25,13,24,22,26,F,,,,,
Yaelneth,,6,25,26,18,22,26,20,9,F,,
Uee,,17,26,26,F,,,,,,,
Kefiee,,3,26,8,24,26,26,F,,,,
Eole,,26,19,18,26,F,,,,,,
Cufiri,,15,17,8,24,21,24,F,,,,
Aufumee,,25,17,8,17,14,26,26,F,,,
Afumee,,25,8,17,14,26,26,F,,,,
Eclrmee,,26,15,18,21,14,26,26,F,,,
Egee,,26,12,26,26,F,,,,,,
Kufrie,,3,17,8,21,24,26,F,,,,
Eyia,,26,6,24,25,F,,,,,,
Gornni,,12,19,21,22,22,24,F,,,,
Aseine,,25,23,26,24,22,26,F,,,,
Aiana,,25,24,25,22,25,F,,,,,
Guta,,12,17,20,25,F,,,,,,
Eli,,26,18,24,F,,,,,,,
Eqna,,26,7,22,25,F,,,,,,
Effii,,26,8,8,24,24,F,,,,,
Kine,,3,24,22,26,F,,,,,,
Esriee,,26,23,21,24,26,26,F,,,,
Amrita,,25,14,21,24,20,25,F,,,,
Ahri,,25,9,21,24,F,,,,,,
Gaena,,12,25,26,22,25,F,,,,,
Keee,,3,26,26,26,F,,,,,,
Gua,,12,17,25,F,,,,,,,
Kera,,3,26,21,25,F,,,,,,
Atle,,25,20,18,26,F,,,,,,
Aheelni,,25,9,26,26,18,22,24,F,,,
Anni,,25,22,22,24,F,,,,,,
Esne,,26,23,22,26,F,,,,,,
Yta,,6,20,25,F,,,,,,,
Ferfia,,8,26,21,8,24,25,F,,,,
Canohoine,,15,25,22,19,9,19,24,22,26,F,
Ayni,,25,6,22,24,F,,,,,,
Afwna,,25,8,2,22,25,F,,,,,
Kywi,,3,6,2,24,F,,,,,,
Yine,,6,24,22,26,F,,,,,,
Auri,,25,17,21,24,F,,,,,,
Ciasa,,15,24,25,23,25,F,,,,,
Aine,,25,24,22,26,F,,,,,,
Ejnlia,,26,4,22,18,24,25,F,,,,
Enhoemee,,26,22,9,19,26,14,26,26,F,,
Kuine,,3,17,24,22,26,F,,,,,
Zlia,,1,18,24,25,F,,,,,,
Yle,,6,18,26,F,,,,,,,
Atulia,,25,20,17,18,24,25,F,,,,
Aiifta,,25,24,24,8,20,25,F,,,,
Eiana,,26,24,25,22,25,F,,,,,
Cyta,,15,6,20,25,F,,,,,,
Cieri,,15,24,26,21,24,F,,,,,
Ehfirneth,,26,9,8,24,21,22,26,20,9,F,
Gofiaia,,12,19,8,24,25,24,25,F,,,
Enyeneth,,26,22,6,26,22,26,20,9,F,,
Emnowlia,,26,14,22,19,2,18,24,25,F,,
Aorma,,25,19,21,14,25,F,,,,,
Etyriika,,26,20,6,21,24,24,3,25,F,,
Avri,,25,10,21,24,F,,,,,,
Kaelne,,3,25,26,18,22,26,F,,,,
Gonna,,12,19,22,22,25,F,,,,,
Eane,,26,25,22,26,F,,,,,,
Eble,,26,11,18,26,F,,,,,,
Auia,,25,17,24,25,F,,,,,,
Xe,,5,26,F,,,,,,,,
Fielita,,8,24,26,18,24,20,25,F,,,
Abeellia,,25,11,26,26,18,18,24,25,F,,
Fia,,8,24,25,F,,,,,,,
Gunhoa,,12,17,22,9,19,25,F,,,,
Kyi,,3,6,24,F,,,,,,,
Anuna,,25,22,17,22,25,F,,,,,
Gowine,,12,19,2,24,22,26,F,,,,
Eri,,26,21,24,F,,,,,,,
Elfiiika,,26,18,8,24,24,24,3,25,F,,
Kaelmle,,3,25,26,18,14,18,26,F,,,
Erfsa,,26,21,8,23,25,F,,,,,
Amhilee,,25,14,9,24,18,26,26,F,,,
Efhieneth,,26,8,9,24,26,22,26,20,9,F,
Kufime,,3,17,8,24,14,26,F,,,,
Erri,,26,21,21,24,F,,,,,,
Yelmee,,6,26,18,14,26,26,F,,,,
Ajra,,25,4,21,25,F,,,,,,
Eoia,,26,19,24,25,F,,,,,,
Anfiri,,25,22,8,24,21,24,F,,,,
Apmee,,25,13,14,26,26,F,,,,,
Fiaina,,8,24,25,24,22,25,F,,,,
Agwmsa,,25,12,2,14,23,25,F,,,,
Etamena,,26,20,25,14,26,22,25,F,,,
Etelle,,26,20,26,18,18,26,F,,,,
Eulia,,26,17,18,24,25,F,,,,,
Uayle,,17,25,6,18,26,F,,,,,
Cone,,15,19,22,26,F,,,,,,
Atle,,25,20,18,26,F,,,,,,
Enlia,,26,22,18,24,25,F,,,,,
Ejina,,26,4,24,22,25,F,,,,,
Axine,,25,5,24,22,26,F,,,,,
Elusa,,26,18,17,23,25,F,,,,,
Athota,,25,20,9,19,20,25,F,,,,
Etenone,,26,20,26,22,19,22,26,F,,,
Eulna,,26,17,18,22,25,F,,,,,
Fiina,,8,24,24,22,25,F,,,,,
Geauri,,12,26,25,17,21,24,F,,,,
Edlmee,,26,16,18,14,26,26,F,,,,
Ahnorine,,25,9,22,19,21,24,22,26,F,,
Kawhoe,,3,25,2,9,19,26,F,,,,
Adhini,,25,16,9,24,22,24,F,,,,
Emellia,,26,14,26,18,18,24,25,F,,,
Amiena,,25,14,24,26,22,25,F,,,,
Apneth,,25,13,22,26,20,9,F,,,,
Afnoneth,,25,8,22,19,22,26,20,9,F,,
Aiee,,25,24,26,26,F,,,,,,
Anmika,,25,22,14,24,3,25,F,,,,
Faelmee,,8,25,26,18,14,26,26,F,,,
Aofini,,25,19,8,24,22,24,F,,,,
Abmine,,25,11,14,24,22,26,F,,,,
Fofina,,8,19,8,24,22,25,F,,,,
Alii,,25,18,24,24,F,,,,,,
Esnofika,,26,23,22,19,8,24,3,25,F,,
Fuwnri,,8,17,2,22,21,24,F,,,,
Ine,,24,22,26,F,,,,,,,
Eprii,,26,13,21,24,24,F,,,,,
Cyae,,15,6,25,26,F,,,,,,
Keofika,,3,26,19,8,24,3,25,F,,,
Atesa,,25,20,26,23,25,F,,,,,
Eota,,26,19,20,25,F,,,,,,
Ekaeri,,26,3,25,26,21,24,F,,,,
Eghimee,,26,12,9,24,14,26,26,F,,,
Cyelle,,15,6,26,18,18,26,F,,,,
Kei,,3,26,24,F,,,,,,,
Azena,,25,1,26,22,25,F,,,,,
Kamee,,3,25,14,26,26,F,,,,,
Afna,,25,8,22,25,F,,,,,,
Eqelfiena,,26,7,26,18,8,24,26,22,25,F,
Ekmee,,26,3,14,26,26,F,,,,,
Amine,,25,14,24,22,26,F,,,,,
Ejmneth,,26,4,14,22,26,20,9,F,,,
Aqisa,,25,7,24,23,25,F,,,,,
Eaoeee,,26,25,19,26,26,26,F,,,,
Etri,,26,20,21,24,F,,,,,,
Fyhilika,,8,6,9,24,18,24,3,25,F,,
Ayia,,25,6,24,25,F,,,,,,
Ena,,26,22,25,F,,,,,,,
Ihoina,,24,9,19,24,22,25,F,,,,
Aoyfilia,,25,19,6,8,24,18,24,25,F,,
Esa,,26,23,25,F,,,,,,,
Foena,,8,19,26,22,25,F,,,,,
Aelni,,25,26,18,22,24,F,,,,,
Efina,,26,8,24,22,25,F,,,,,
Aiia,,25,24,24,25,F,,,,,,
Elewena,,26,18,26,2,26,22,25,F,,,
Azsa,,25,1,23,25,F,,,,,,
Atfiiena,,25,20,8,24,24,26,22,25,F,,
Fene,,8,26,22,26,F,,,,,,
Anrrile,,25,22,21,21,24,18,26,F,,,
Kohihiee,,3,19,9,24,9,24,26,26,F,,
Fuua,,8,17,17,25,F,,,,,,
Aee,,25,26,26,F,,,,,,,
Edle,,26,16,18,26,F,,,,,,
Aphohiine,,25,13,9,19,9,24,24,22,26,F,
Uehia,,17,26,9,24,25,F,,,,,
Arrne,,25,21,21,22,26,F,,,,,
Fyhiine,,8,6,9,24,24,22,26,F,,,
Konyneth,,3,19,22,6,22,26,20,9,F,,
Aphilneth,,25,13,9,24,18,22,26,20,9,F,
Avyena,,25,10,6,26,22,25,F,,,,
Fuhisa,,8,17,9,24,23,25,F,,,,
Gane,,12,25,22,26,F,,,,,,
Eaaine,,26,25,25,24,22,26,F,,,,
Xsa,,5,23,25,F,,,,,,,
Eyfane,,26,6,8,25,22,26,F,,,,
Agwsa,,25,12,2,23,25,F,,,,,
